tax_unit_id,n_in_tu,n_adults_21_64,n_kids_le20,adult_ages,kid_ages_counted,annual_slcsp,fpl,required_contribution,cliff,household_weight
1166001,6,3,3,"61,55,23","19,19,19",109693.40759999999,44360,17673.023999999998,92020.3836,4661.212890625
10058002,6,3,3,"61,55,23","19,19,19",109693.40759999999,44360,17673.023999999998,92020.3836,0.0
8200001,5,2,3,"63,61","20,19,19",106611.5736,38680,15410.112,91201.46160000001,420.3822326660156
17092002,5,2,3,"63,61","20,19,19",106611.5736,38680,15410.112,91201.46160000001,0.0
4387301,5,2,3,"64,63","15,14,2",102910.5324,38680,15410.112,87500.4204,0.0
13279302,5,2,3,"64,63","15,14,2",102910.5324,38680,15410.112,87500.4204,0.0
1896501,4,2,2,"63,63","20,19",96722.2476,33000,13147.199999999999,83575.0476,0.0
10788502,4,2,2,"63,63","20,19",96722.2476,33000,13147.199999999999,83575.0476,0.0
3869601,6,2,4,"62,58","18,18,16",100324.8216,44360,17673.023999999998,82651.79759999999,2351.4609375
12761602,6,2,4,"62,58","18,18,16",100324.8216,44360,17673.023999999998,82651.79759999999,0.2855549156665802
5475301,5,3,2,"60,57,22","17,15",97390.6884,38680,15410.112,81980.5764,0.0
14367302,5,3,2,"60,57,22","17,15",97390.6884,38680,15410.112,81980.5764,0.0
4797601,4,3,1,"63,58,34",20,95100.37920000001,33000,13147.199999999999,81953.17920000001,0.0
13689602,4,3,1,"63,58,34",20,95100.37920000001,33000,13147.199999999999,81953.17920000001,0.0
2040101,5,4,1,"58,56,27,21",18,97056.46800000001,38680,15410.112,81646.35600000001,0.0
10932102,5,4,1,"58,56,27,21",18,97056.46800000001,38680,15410.112,81646.35600000001,0.0
1897601,5,3,2,"61,55,21","19,15",96709.93920000001,38680,15410.112,81299.82720000001,0.0
10789602,5,3,2,"61,55,21","19,15",96709.93920000001,38680,15410.112,81299.82720000001,0.0
4000901,7,3,4,"57,53,21","19,18,15",101042.496,50040,19935.935999999998,81106.56,46.09321975708008
12892902,7,3,4,"57,53,21","19,18,15",101042.496,50040,19935.935999999998,81106.56,0.0
4478501,4,4,0,"62,60,21,21",,93900.7836,33000,13147.199999999999,80753.5836,0.0
13370502,4,4,0,"62,60,21,21",,93900.7836,33000,13147.199999999999,80753.5836,0.0
7002901,4,2,2,"62,61","18,17",92589.4656,33000,13147.199999999999,79442.2656,846.5869140625
15894902,4,2,2,"62,61","18,17",92589.4656,33000,13147.199999999999,79442.2656,0.0
1892101,4,2,2,"62,61","17,16",91921.0248,33000,13147.199999999999,78773.8248,5463.373046875
10784102,4,2,2,"62,61","17,16",91921.0248,33000,13147.199999999999,78773.8248,0.0
4439701,3,3,0,"64,64,37",,89581.482,27320,10884.287999999999,78697.194,0.0
13331702,3,3,0,"64,64,37",,89581.482,27320,10884.287999999999,78697.194,0.0
858901,4,2,2,"62,62","15,15",91735.452,33000,13147.199999999999,78588.25200000001,0.0
9750902,4,2,2,"62,62","15,15",91735.452,33000,13147.199999999999,78588.25200000001,0.0
602701,5,2,3,"57,56","20,20,15",93356.3736,38680,15410.112,77946.26160000001,0.0
9494702,5,2,3,"57,56","20,20,15",93356.3736,38680,15410.112,77946.26160000001,0.0
3567501,4,3,1,"62,60,25",10,91041.4476,33000,13147.199999999999,77894.2476,12594.076171875
12459502,4,3,1,"62,60,25",10,91041.4476,33000,13147.199999999999,77894.2476,0.0
6979401,4,2,2,"63,62","13,9",91029.1392,33000,13147.199999999999,77881.93920000001,302.0874938964844
15871402,4,2,2,"63,62","13,9",91029.1392,33000,13147.199999999999,77881.93920000001,0.358202189207077
163301,5,4,1,"58,53,22,21",19,93183.1092,38680,15410.112,77772.99720000001,0.0
9055302,5,4,1,"58,53,22,21",19,93183.1092,38680,15410.112,77772.99720000001,0.0
1538701,5,3,2,"59,53,23","19,18",92787.3468,38680,15410.112,77377.2348,0.0
10430702,5,3,2,"59,53,23","19,18",92787.3468,38680,15410.112,77377.2348,0.0
2567601,6,3,3,"55,48,22","20,19,17",94817.28600000002,44360,17673.023999999998,77144.26200000002,0.0
11459602,6,3,3,"55,48,22","20,19,17",94817.28600000002,44360,17673.023999999998,77144.26200000002,0.0
5673301,3,3,0,"64,61,40",,87724.8072,27320,10884.287999999999,76840.5192,0.0
14565302,3,3,0,"64,61,40",,87724.8072,27320,10884.287999999999,76840.5192,146332.78125
379901,5,4,1,"58,52,23,21",19,92093.34240000001,38680,15410.112,76683.23040000001,0.0
9271902,5,4,1,"58,52,23,21",19,92093.34240000001,38680,15410.112,76683.23040000001,0.0
7737001,4,3,1,"58,58,38",18,89791.6716,33000,13147.199999999999,76644.4716,8671.7529296875
16629002,4,3,1,"58,58,38",18,89791.6716,33000,13147.199999999999,76644.4716,0.0
7059502,3,3,0,"63,62,37",,87415.2036,27320,10884.287999999999,76530.9156,299.1099853515625
15951503,3,3,0,"63,62,37",,87415.2036,27320,10884.287999999999,76530.9156,0.0
2360701,4,2,2,"63,57","19,17",89296.4952,33000,13147.199999999999,76149.29520000001,0.0
11252702,4,2,2,"63,57","19,17",89296.4952,33000,13147.199999999999,76149.29520000001,0.0
8398901,3,3,0,"62,62,40",,86933.2824,27320,10884.287999999999,76048.9944,0.0
17290902,3,3,0,"62,62,40",,86933.2824,27320,10884.287999999999,76048.9944,486.0927429199219
7287201,4,3,1,"60,58,22",19,89147.84760000001,33000,13147.199999999999,76000.64760000001,1859.987548828125
16179202,4,3,1,"60,58,22",19,89147.84760000001,33000,13147.199999999999,76000.64760000001,0.0
7283301,8,3,5,"57,49,21","20,18,17",97911.4284,55720,22198.847999999998,75712.5804,0.0
16175302,8,3,5,"57,49,21","20,18,17",97911.4284,55720,22198.847999999998,75712.5804,0.0
2588701,5,2,3,"58,54","19,17,15",90868.1832,38680,15410.112,75458.0712,0.0
11480702,5,2,3,"58,54","19,17,15",90868.1832,38680,15410.112,75458.0712,0.0
1696001,3,3,0,"64,63,26",,86338.692,27320,10884.287999999999,75454.404,536.5908203125
10588002,3,3,0,"64,63,26",,86338.692,27320,10884.287999999999,75454.404,0.0
381101,4,2,2,"64,57","16,16",88554.20400000001,33000,13147.199999999999,75407.00400000002,1786.5836181640625
9273102,4,2,2,"64,57","16,16",88554.20400000001,33000,13147.199999999999,75407.00400000002,0.0
5996601,4,2,2,"62,59","18,14",88541.8956,33000,13147.199999999999,75394.6956,815.1596069335938
14888602,4,2,2,"62,59","18,14",88541.8956,33000,13147.199999999999,75394.6956,0.0
1471101,3,3,0,"62,62,34",,86140.81079999999,27320,10884.287999999999,75256.52279999999,0.0
10363102,3,3,0,"62,62,34",,86140.81079999999,27320,10884.287999999999,75256.52279999999,0.0
976401,3,3,0,"64,63,21",,86041.3968,27320,10884.287999999999,75157.1088,315.5589294433594
9868402,3,3,0,"64,63,21",,86041.3968,27320,10884.287999999999,75157.1088,0.0
2493801,4,3,1,"60,57,22",20,88132.878,33000,13147.199999999999,74985.678,1761.070556640625
11385802,4,3,1,"60,57,22",20,88132.878,33000,13147.199999999999,74985.678,0.0
7818501,5,2,3,"62,54","3,2,1",90385.3152,38680,15410.112,74975.2032,0.0
16710502,5,2,3,"62,54","3,2,1",90385.3152,38680,15410.112,74975.2032,23.114002227783203
8587601,5,2,3,"63,53","13,13,13",90187.43400000001,38680,15410.112,74777.32200000001,14134.2529296875
17479602,5,2,3,"63,53","13,13,13",90187.43400000001,38680,15410.112,74777.32200000001,0.0
1181501,3,3,0,"63,63,23",,85446.80639999999,27320,10884.287999999999,74562.51839999999,1073.0235595703125
10073502,3,3,0,"63,63,23",,85446.80639999999,27320,10884.287999999999,74562.51839999999,0.0
3621503,9,4,5,"53,42,22,22","20,17,12",98826.98399999998,61400,24461.76,74365.22399999999,0.0
12513504,9,4,5,"53,42,22,22","20,17,12",98826.98399999998,61400,24461.76,74365.22399999999,0.0
475801,3,3,0,"63,60,35",,85248.9252,27320,10884.287999999999,74364.6372,0.0
9367802,3,3,0,"63,60,35",,85248.9252,27320,10884.287999999999,74364.6372,0.0
8203901,4,3,1,"59,58,23",18,87427.512,33000,13147.199999999999,74280.312,0.0
17095902,4,3,1,"59,58,23",18,87427.512,33000,13147.199999999999,74280.312,0.0
1185001,3,3,0,"64,62,23",,85064.29920000001,27320,10884.287999999999,74180.01120000001,590.0087890625
8164501,3,3,0,"64,62,23",,85064.29920000001,27320,10884.287999999999,74180.01120000001,0.0
10077002,3,3,0,"64,62,23",,85064.29920000001,27320,10884.287999999999,74180.01120000001,4077.39013671875
17056502,3,3,0,"64,62,23",,85064.29920000001,27320,10884.287999999999,74180.01120000001,0.0
908001,4,4,0,"61,55,22,21",,87130.21680000001,33000,13147.199999999999,73983.01680000001,1256.80224609375
1270601,4,4,0,"59,57,23,21",,87130.21680000001,33000,13147.199999999999,73983.01680000001,0.0
9800002,4,4,0,"61,55,22,21",,87130.21680000001,33000,13147.199999999999,73983.01680000001,0.0
10162602,4,4,0,"59,57,23,21",,87130.21680000001,33000,13147.199999999999,73983.01680000001,90877.765625
676701,4,3,1,"59,59,22",15,87117.90840000001,33000,13147.199999999999,73970.70840000002,0.0
9568702,4,3,1,"59,59,22",15,87117.90840000001,33000,13147.199999999999,73970.70840000002,0.0
8036601,3,3,0,"62,62,28",,84569.1228,27320,10884.287999999999,73684.8348,0.0
16928602,3,3,0,"62,62,28",,84569.1228,27320,10884.287999999999,73684.8348,0.0
8232501,4,2,2,"60,57","20,17",86709.83760000001,33000,13147.199999999999,73562.63760000002,0.0
17124502,4,2,2,"60,57","20,17",86709.83760000001,33000,13147.199999999999,73562.63760000002,0.0
4242201,5,2,3,"56,53","20,18,18",88728.41520000002,38680,15410.112,73318.30320000002,6415.67529296875
13134202,5,2,3,"56,53","20,18,18",88728.41520000002,38680,15410.112,73318.30320000002,0.0
1151401,3,3,0,"61,61,32",,84197.03039999999,27320,10884.287999999999,73312.74239999999,0.0
10043402,3,3,0,"61,61,32",,84197.03039999999,27320,10884.287999999999,73312.74239999999,0.0
3590201,4,2,2,"61,55","20,20",86387.9256,33000,13147.199999999999,73240.7256,0.0
12482202,4,2,2,"61,55","20,20",86387.9256,33000,13147.199999999999,73240.7256,0.0
652101,3,3,0,"63,61,26",,83986.84079999999,27320,10884.287999999999,73102.55279999999,0.0
2885401,3,3,0,"63,61,26",,83986.84079999999,27320,10884.287999999999,73102.55279999999,0.0
9544102,3,3,0,"63,61,26",,83986.84079999999,27320,10884.287999999999,73102.55279999999,0.0
11777402,3,3,0,"63,61,26",,83986.84079999999,27320,10884.287999999999,73102.55279999999,0.0
5994001,4,3,1,"63,53,22",20,86165.4276,33000,13147.199999999999,73018.2276,0.0
14886002,4,3,1,"63,53,22",20,86165.4276,33000,13147.199999999999,73018.2276,0.0
4666701,4,2,2,"60,57","18,17",86004.4716,33000,13147.199999999999,72857.27160000001,0.0
13558702,4,2,2,"60,57","18,17",86004.4716,33000,13147.199999999999,72857.27160000001,0.0
8384801,4,3,1,"58,56,33",16,85868.1324,33000,13147.199999999999,72720.9324,0.0
17276802,4,3,1,"58,56,33",16,85868.1324,33000,13147.199999999999,72720.9324,0.0
4439301,5,2,3,"62,52","8,6,3",88120.5696,38680,15410.112,72710.45760000001,55575.62109375
13331302,5,2,3,"62,52","8,6,3",88120.5696,38680,15410.112,72710.45760000001,0.0
1600901,3,3,0,"62,62,23",,83492.6112,27320,10884.287999999999,72608.3232,26330.970703125
10492902,3,3,0,"62,62,23",,83492.6112,27320,10884.287999999999,72608.3232,0.0
8035802,5,2,3,"56,54","19,16,15",87885.7632,38680,15410.112,72475.65120000001,0.0
16927803,5,2,3,"56,54","19,16,15",87885.7632,38680,15410.112,72475.65120000001,0.0
2133001,3,2,1,"64,63",12,83132.8272,27320,10884.287999999999,72248.5392,0.0
11025002,3,2,1,"64,63",12,83132.8272,27320,10884.287999999999,72248.5392,0.0
4293501,3,3,0,"64,60,21",,83095.902,27320,10884.287999999999,72211.614,0.0
13185502,3,3,0,"64,60,21",,83095.902,27320,10884.287999999999,72211.614,0.0
3578101,5,2,3,"59,51","19,17,13",87365.97000000002,38680,15410.112,71955.85800000002,0.0
12470102,5,2,3,"59,51","19,17,13",87365.97000000002,38680,15410.112,71955.85800000002,0.0
2018801,3,3,0,"61,59,40",,82810.91519999999,27320,10884.287999999999,71926.62719999999,0.0
10910802,3,3,0,"61,59,40",,82810.91519999999,27320,10884.287999999999,71926.62719999999,0.0
968801,4,2,2,"59,57","20,16",85014.11880000001,33000,13147.199999999999,71866.91880000001,1064.3077392578125
9860802,4,2,2,"59,57","20,16",85014.11880000001,33000,13147.199999999999,71866.91880000001,0.0
8191301,3,2,1,"64,60",20,82724.75640000001,27320,10884.287999999999,71840.46840000001,8441.30859375
17083302,3,2,1,"64,60",20,82724.75640000001,27320,10884.287999999999,71840.46840000001,0.0
6185901,4,2,2,"64,56","7,5",84940.2684,33000,13147.199999999999,71793.0684,0.0
15077902,4,2,2,"64,56","7,5",84940.2684,33000,13147.199999999999,71793.0684,0.0
984201,6,3,3,"54,45,22","20,18,14",89445.14279999999,44360,17673.023999999998,71772.1188,0.0
9876202,6,3,3,"54,45,22","20,18,14",89445.14279999999,44360,17673.023999999998,71772.1188,3.0151455402374268
2559101,5,2,3,"59,54","11,10,8",87043.1112,38680,15410.112,71632.9992,0.0
11451102,5,2,3,"59,54","11,10,8",87043.1112,38680,15410.112,71632.9992,0.0
7362001,3,3,0,"63,60,21",,82501.3116,27320,10884.287999999999,71617.0236,789.1580810546875
16254002,3,3,0,"63,60,21",,82501.3116,27320,10884.287999999999,71617.0236,0.0
5912601,4,2,2,"59,56","20,19",84742.3872,33000,13147.199999999999,71595.1872,0.0
14804602,4,2,2,"59,56","20,19",84742.3872,33000,13147.199999999999,71595.1872,0.0
8713201,4,2,2,"60,59","2,1",84741.4404,33000,13147.199999999999,71594.24040000001,0.0
17605202,4,2,2,"60,59","2,1",84741.4404,33000,13147.199999999999,71594.24040000001,0.0
1214001,4,3,1,"60,54,22",20,84394.9116,33000,13147.199999999999,71247.71160000001,0.0
10106002,4,3,1,"60,54,22",20,84394.9116,33000,13147.199999999999,71247.71160000001,0.0
1664601,5,2,3,"61,49","17,15,14",86623.67880000001,38680,15410.112,71213.56680000002,29416.08984375
10556602,5,2,3,"61,49","17,15,14",86623.67880000001,38680,15410.112,71213.56680000002,0.0
448401,3,3,0,"61,59,34",,82018.44360000001,27320,10884.287999999999,71134.15560000001,89557.7890625
9340402,3,3,0,"61,59,34",,82018.44360000001,27320,10884.287999999999,71134.15560000001,0.0
445602,3,3,0,"61,61,23",,81932.28480000001,27320,10884.287999999999,71047.99680000001,0.0
9337603,3,3,0,"61,61,23",,81932.28480000001,27320,10884.287999999999,71047.99680000001,0.0
8452702,3,3,0,"61,60,28",,81820.5624,27320,10884.287999999999,70936.2744,0.0
17344703,3,3,0,"61,60,28",,81820.5624,27320,10884.287999999999,70936.2744,0.0
7544501,3,2,1,"63,60",19,81771.3288,27320,10884.287999999999,70887.0408,0.0
8556001,3,2,1,"63,60",19,81771.3288,27320,10884.287999999999,70887.0408,363.06097412109375
16436502,3,2,1,"63,60",19,81771.3288,27320,10884.287999999999,70887.0408,0.0
17448002,3,2,1,"63,60",19,81771.3288,27320,10884.287999999999,70887.0408,0.0
2006201,3,3,0,"64,59,21",,81722.0952,27320,10884.287999999999,70837.8072,11041.1064453125
10898202,3,3,0,"64,59,21",,81722.0952,27320,10884.287999999999,70837.8072,0.0
1653701,5,2,3,"62,49","16,13,3",86240.2248,38680,15410.112,70830.1128,0.0
10545702,5,2,3,"62,49","16,13,3",86240.2248,38680,15410.112,70830.1128,0.0
4731501,3,3,0,"64,57,31",,81634.9896,27320,10884.287999999999,70750.7016,0.0
13623502,3,3,0,"64,57,31",,81634.9896,27320,10884.287999999999,70750.7016,0.0
4500701,4,4,0,"58,55,23,23",,83887.42679999999,33000,13147.199999999999,70740.22679999999,806.3552856445312
13392702,4,4,0,"58,55,23,23",,83887.42679999999,33000,13147.199999999999,70740.22679999999,0.0
5564501,4,2,2,"59,58","16,14",83850.50159999999,33000,13147.199999999999,70703.30159999999,0.0
14456502,4,2,2,"59,58","16,14",83850.50159999999,33000,13147.199999999999,70703.30159999999,0.0
123301,3,2,1,"63,62",11,81561.1392,27320,10884.287999999999,70676.8512,0.0
9015302,3,2,1,"63,62",11,81561.1392,27320,10884.287999999999,70676.8512,0.0
8170701,3,3,0,"62,60,21",,81524.214,27320,10884.287999999999,70639.926,21366.9921875
17062702,3,3,0,"62,60,21",,81524.214,27320,10884.287999999999,70639.926,0.0
1351901,5,3,2,"57,51,21","17,13",86041.3968,38680,15410.112,70631.28480000001,0.0
10243902,5,3,2,"57,51,21","17,13",86041.3968,38680,15410.112,70631.28480000001,0.0
7626601,4,2,2,"59,56","20,16",83727.4176,33000,13147.199999999999,70580.2176,0.0
16518602,4,2,2,"59,56","20,16",83727.4176,33000,13147.199999999999,70580.2176,0.0
2146001,3,2,1,"64,59",20,81350.9496,27320,10884.287999999999,70466.6616,0.0
11038002,3,2,1,"64,59",20,81350.9496,27320,10884.287999999999,70466.6616,2016.999755859375
1162901,3,2,1,"61,61",19,81202.302,27320,10884.287999999999,70318.014,8846.3818359375
10054902,3,2,1,"61,61",19,81202.302,27320,10884.287999999999,70318.014,0.0
4881301,3,3,0,"61,58,32",,80954.2404,27320,10884.287999999999,70069.9524,258.0255432128906
13773302,3,3,0,"61,58,32",,80954.2404,27320,10884.287999999999,70069.9524,236131.1875
4539901,6,2,4,"63,48","20,12,10",87712.49879999999,44360,17673.023999999998,70039.4748,546.967041015625
13431902,6,2,4,"63,48","20,12,10",87712.49879999999,44360,17673.023999999998,70039.4748,0.0
8579201,3,2,1,"61,61",18,80855.7732,27320,10884.287999999999,69971.4852,0.0
17471202,3,2,1,"61,61",18,80855.7732,27320,10884.287999999999,69971.4852,0.0
833901,4,3,1,"57,56,21",19,83058.9768,33000,13147.199999999999,69911.7768,17280.693359375
9725902,4,3,1,"57,56,21",19,83058.9768,33000,13147.199999999999,69911.7768,0.0
6470601,3,3,0,"61,60,22",,80744.0508,27320,10884.287999999999,69859.7628,273.63287353515625
15362602,3,3,0,"61,60,22",,80744.0508,27320,10884.287999999999,69859.7628,0.0
391401,5,3,2,"53,53,21","19,16",85151.4048,38680,15410.112,69741.29280000001,0.0
9283402,5,3,2,"53,53,21","19,16",85151.4048,38680,15410.112,69741.29280000001,0.0
2842201,3,2,1,"62,62",2,80584.04159999998,27320,10884.287999999999,69699.75359999998,0.0
11734202,3,2,1,"62,62",2,80584.04159999998,27320,10884.287999999999,69699.75359999998,0.0
4409201,5,2,3,"57,54","7,6,5",84988.5552,38680,15410.112,69578.44320000001,1906.2080078125
13301202,5,2,3,"57,54","7,6,5",84988.5552,38680,15410.112,69578.44320000001,0.0
1100801,3,3,0,"63,58,21",,80446.7556,27320,10884.287999999999,69562.4676,121820.7734375
9992802,3,3,0,"63,58,21",,80446.7556,27320,10884.287999999999,69562.4676,0.0
2022001,4,2,2,"58,56","19,16",82687.8312,33000,13147.199999999999,69540.6312,496.55157470703125
10914002,4,2,2,"58,56","19,16",82687.8312,33000,13147.199999999999,69540.6312,0.0
441201,4,2,2,"59,58","12,11",82686.8844,33000,13147.199999999999,69539.6844,0.0
9333202,4,2,2,"59,58","12,11",82686.8844,33000,13147.199999999999,69539.6844,0.0
829901,4,3,1,"60,53,21",18,82514.5668,33000,13147.199999999999,69367.3668,0.0
9721902,4,3,1,"60,53,21",18,82514.5668,33000,13147.199999999999,69367.3668,0.0
405501,3,3,0,"63,56,33",,80236.566,27320,10884.287999999999,69352.278,0.0
9297502,3,3,0,"63,56,33",,80236.566,27320,10884.287999999999,69352.278,0.0
1188201,4,2,2,"57,56","20,18",82341.3024,33000,13147.199999999999,69194.1024,917.6070556640625
10080202,4,2,2,"57,56","20,18",82341.3024,33000,13147.199999999999,69194.1024,0.0
4803801,3,2,1,"63,58",20,80075.61000000002,27320,10884.287999999999,69191.32200000001,14196.7060546875
13695802,3,2,1,"63,58",20,80075.61000000002,27320,10884.287999999999,69191.32200000001,0.0
4018901,4,2,2,"60,54","19,16",82291.122,33000,13147.199999999999,69143.922,776.2593383789062
12910902,4,2,2,"60,54","19,16",82291.122,33000,13147.199999999999,69143.922,0.0
373501,4,2,2,"61,53","18,17",82279.7604,33000,13147.199999999999,69132.5604,2532.13525390625
9265502,4,2,2,"61,53","18,17",82279.7604,33000,13147.199999999999,69132.5604,0.0
1110001,5,3,2,"58,47,21","17,15",84518.9424,38680,15410.112,69108.8304,93828.640625
10002002,5,3,2,"58,47,21","17,15",84518.9424,38680,15410.112,69108.8304,0.0
2351601,5,3,2,"53,52,21","18,18",84383.55,38680,15410.112,68973.43800000001,0.0
11243602,5,3,2,"53,52,21","18,18",84383.55,38680,15410.112,68973.43800000001,0.0
344501,4,2,2,"59,55","19,16",82093.2408,33000,13147.199999999999,68946.0408,0.0
9236502,4,2,2,"59,55","19,16",82093.2408,33000,13147.199999999999,68946.0408,2268.986328125
347901,5,2,3,"63,47","7,5,4",84283.1892,38680,15410.112,68873.0772,2069.18701171875
9239902,5,2,3,"63,47","7,5,4",84283.1892,38680,15410.112,68873.0772,0.0
8207001,3,3,0,"64,57,22",,79667.5392,27320,10884.287999999999,68783.2512,0.0
17099002,3,3,0,"64,57,22",,79667.5392,27320,10884.287999999999,68783.2512,0.0
1819301,4,3,1,"59,53,22",20,81846.126,33000,13147.199999999999,68698.926,8553.13671875
10711302,4,3,1,"59,53,22",20,81846.126,33000,13147.199999999999,68698.926,0.0
4231501,3,3,0,"62,57,29",,79568.1252,27320,10884.287999999999,68683.8372,0.0
13123502,3,3,0,"62,57,29",,79568.1252,27320,10884.287999999999,68683.8372,0.0
1016601,4,2,2,"61,54","15,15",81820.5624,33000,13147.199999999999,68673.3624,0.0
9908602,4,2,2,"61,54","15,15",81820.5624,33000,13147.199999999999,68673.3624,0.0
8043201,3,3,0,"60,60,23",,79555.8168,27320,10884.287999999999,68671.5288,0.0
16935202,3,3,0,"60,60,23",,79555.8168,27320,10884.287999999999,68671.5288,0.0
2393901,3,3,0,"61,59,22",,79370.24399999999,27320,10884.287999999999,68485.95599999999,0.0
11285902,3,3,0,"61,59,22",,79370.24399999999,27320,10884.287999999999,68485.95599999999,0.0
8138103,4,4,0,"58,53,22,22",,81536.5224,33000,13147.199999999999,68389.3224,0.0
17030104,4,4,0,"58,53,22,22",,81536.5224,33000,13147.199999999999,68389.3224,0.0
608201,4,2,2,"59,55","18,15",81424.80000000002,33000,13147.199999999999,68277.60000000002,0.0
9500202,4,2,2,"59,55","18,15",81424.80000000002,33000,13147.199999999999,68277.60000000002,0.0
7544301,4,3,1,"57,55,26",17,81387.8748,33000,13147.199999999999,68240.67480000001,0.0
16436302,4,3,1,"57,55,26",17,81387.8748,33000,13147.199999999999,68240.67480000001,0.0
4154503,4,2,2,"57,56","19,16",81314.02440000001,33000,13147.199999999999,68166.82440000001,78700.8984375
13046504,4,2,2,"57,56","19,16",81314.02440000001,33000,13147.199999999999,68166.82440000001,0.0
8826901,3,2,1,"62,58",19,78739.6752,27320,10884.287999999999,67855.3872,0.0
17718902,3,2,1,"62,58",19,78739.6752,27320,10884.287999999999,67855.3872,0.0
1231801,5,2,3,"55,53","16,15,12",83256.858,38680,15410.112,67846.746,0.0
10123802,5,2,3,"55,53","16,15,12",83256.858,38680,15410.112,67846.746,0.0
7005801,4,2,2,"60,55","15,8",80966.5488,33000,13147.199999999999,67819.3488,0.0
15897802,4,2,2,"60,55","15,8",80966.5488,33000,13147.199999999999,67819.3488,802.9125366210938
792101,5,3,2,"54,52,23","16,8",83058.02999999998,38680,15410.112,67647.91799999999,0.0
9684102,5,3,2,"54,52,23","16,8",83058.02999999998,38680,15410.112,67647.91799999999,0.0
1124501,5,2,3,"62,42","18,15,13",83034.36,38680,15410.112,67624.248,0.0
10016502,5,2,3,"62,42","18,15,13",83034.36,38680,15410.112,67624.248,0.0
1254801,6,2,4,"54,53","20,18,15",85286.7972,44360,17673.023999999998,67613.7732,0.0
10146802,6,2,4,"54,53","20,18,15",85286.7972,44360,17673.023999999998,67613.7732,0.0
912101,3,3,0,"64,56,23",,78380.838,27320,10884.287999999999,67496.55,0.0
9804102,3,3,0,"64,56,23",,78380.838,27320,10884.287999999999,67496.55,0.0
8482601,4,3,1,"57,54,21",19,80607.7116,33000,13147.199999999999,67460.5116,996.7747192382812
17374602,4,3,1,"57,54,21",19,80607.7116,33000,13147.199999999999,67460.5116,0.0
7850201,3,3,0,"60,59,21",,78182.01000000001,27320,10884.287999999999,67297.72200000001,0.0
16742202,3,3,0,"60,59,21",,78182.01000000001,27320,10884.287999999999,67297.72200000001,0.0
714001,5,3,2,"53,50,22","20,17",82687.8312,38680,15410.112,67277.7192,0.0
9606002,5,3,2,"53,50,22","20,17",82687.8312,38680,15410.112,67277.7192,0.0
2981801,4,2,2,"57,55","20,16",80397.522,33000,13147.199999999999,67250.322,0.0
11873802,4,2,2,"57,55","20,16",80397.522,33000,13147.199999999999,67250.322,0.0
1328801,3,3,0,"62,57,23",,78095.8512,27320,10884.287999999999,67211.5632,2689.599609375
3534401,3,3,0,"62,57,22",,78095.8512,27320,10884.287999999999,67211.5632,396.5840148925781
10220802,3,3,0,"62,57,23",,78095.8512,27320,10884.287999999999,67211.5632,0.0
12426402,3,3,0,"62,57,22",,78095.8512,27320,10884.287999999999,67211.5632,0.0
3024701,5,3,2,"55,46,22","20,20",82551.492,38680,15410.112,67141.38,35578.67578125
11916702,5,3,2,"55,46,22","20,20",82551.492,38680,15410.112,67141.38,0.0
1531401,3,2,1,"61,58",19,77959.512,27320,10884.287999999999,67075.224,2178.62451171875
10423402,3,2,1,"61,58",19,77959.512,27320,10884.287999999999,67075.224,0.0
4004201,5,2,3,"55,54","13,12,11",82426.5144,38680,15410.112,67016.4024,108.53412628173828
12896202,5,2,3,"55,54","13,12,11",82426.5144,38680,15410.112,67016.4024,0.0
6241701,4,4,0,"57,53,23,21",,80162.7156,33000,13147.199999999999,67015.5156,24634.4296875
15133702,4,4,0,"57,53,23,21",,80162.7156,33000,13147.199999999999,67015.5156,10269.3046875
3251901,4,3,1,"56,55,22",18,80150.4072,33000,13147.199999999999,67003.2072,0.0
12143902,4,3,1,"56,55,22",18,80150.4072,33000,13147.199999999999,67003.2072,0.0
4693501,3,3,0,"60,56,38",,77885.6616,27320,10884.287999999999,67001.3736,0.0
13585502,3,3,0,"60,56,38",,77885.6616,27320,10884.287999999999,67001.3736,0.0
2241001,3,2,1,"61,60",4,77835.48120000001,27320,10884.287999999999,66951.19320000001,0.0
11133002,3,2,1,"61,60",4,77835.48120000001,27320,10884.287999999999,66951.19320000001,0.0
3231801,3,3,0,"60,57,30",,77798.55600000001,27320,10884.287999999999,66914.26800000001,0.0
12123802,3,3,0,"60,57,30",,77798.55600000001,27320,10884.287999999999,66914.26800000001,0.0
460301,3,3,0,"63,56,23",,77786.2476,27320,10884.287999999999,66901.9596,0.0
836401,3,3,0,"63,56,21",,77786.2476,27320,10884.287999999999,66901.9596,0.0
6279301,3,3,0,"63,56,21",,77786.2476,27320,10884.287999999999,66901.9596,0.0
9352302,3,3,0,"63,56,23",,77786.2476,27320,10884.287999999999,66901.9596,0.0
9728402,3,3,0,"63,56,21",,77786.2476,27320,10884.287999999999,66901.9596,0.0
15171302,3,3,0,"63,56,21",,77786.2476,27320,10884.287999999999,66901.9596,187085.734375
951701,5,2,3,"61,41","17,17,4",82267.452,38680,15410.112,66857.34000000001,0.0
9843702,5,2,3,"61,41","17,17,4",82267.452,38680,15410.112,66857.34000000001,0.0
1568301,5,2,3,"56,49","17,16,16",82205.91,38680,15410.112,66795.79800000001,0.0
10460302,5,2,3,"56,49","17,16,16",82205.91,38680,15410.112,66795.79800000001,0.0
4915701,3,2,1,"61,58",18,77612.9832,27320,10884.287999999999,66728.6952,0.0
13807702,3,2,1,"61,58",18,77612.9832,27320,10884.287999999999,66728.6952,0.0
8273601,3,3,0,"63,54,32",,77599.728,27320,10884.287999999999,66715.44,1718.6085205078125
17165602,3,3,0,"63,54,32",,77599.728,27320,10884.287999999999,66715.44,0.0
117301,3,3,0,"60,58,22",,77501.2608,27320,10884.287999999999,66616.9728,0.0
7347401,3,3,0,"60,58,22",,77501.2608,27320,10884.287999999999,66616.9728,0.0
9009302,3,3,0,"60,58,22",,77501.2608,27320,10884.287999999999,66616.9728,0.0
16239402,3,3,0,"60,58,22",,77501.2608,27320,10884.287999999999,66616.9728,0.0
7375701,4,3,1,"60,51,22",16,79679.8476,33000,13147.199999999999,66532.6476,0.0
16267702,4,3,1,"60,51,22",16,79679.8476,33000,13147.199999999999,66532.6476,0.0
6480601,4,2,2,"57,56","15,15",79655.2308,33000,13147.199999999999,66508.03080000001,0.0
15372602,4,2,2,"57,56","15,15",79655.2308,33000,13147.199999999999,66508.03080000001,4142.52392578125
8515101,4,3,1,"55,55,23",20,79580.4336,33000,13147.199999999999,66433.2336,0.0
17407102,4,3,1,"55,55,23",20,79580.4336,33000,13147.199999999999,66433.2336,0.0
7314901,4,2,2,"58,54","18,15",79568.1252,33000,13147.199999999999,66420.9252,0.0
16206902,4,2,2,"58,54","18,15",79568.1252,33000,13147.199999999999,66420.9252,0.0
6498201,5,3,2,"53,50,22","18,16",81660.55320000001,38680,15410.112,66250.44120000002,9161.6171875
15390202,5,3,2,"53,50,22","18,16",81660.55320000001,38680,15410.112,66250.44120000002,0.0
4503701,4,2,2,"59,53","17,17",79371.19080000001,33000,13147.199999999999,66223.99080000001,0.0
13395702,4,2,2,"59,53","17,17",79371.19080000001,33000,13147.199999999999,66223.99080000001,0.0
1014801,4,2,2,"58,56","14,11",79345.6272,33000,13147.199999999999,66198.4272,0.0
9906802,4,2,2,"58,56","14,11",79345.6272,33000,13147.199999999999,66198.4272,0.0
372501,4,3,1,"56,54,22",19,79321.0104,33000,13147.199999999999,66173.8104,0.0
9264502,4,3,1,"56,54,22",19,79321.0104,33000,13147.199999999999,66173.8104,0.0
7342204,6,2,4,"58,47","19,17,15",83788.9596,44360,17673.023999999998,66115.9356,4138.87939453125
16234205,6,2,4,"58,47","19,17,15",83788.9596,44360,17673.023999999998,66115.9356,0.0
1463701,6,3,3,"48,47,21","19,16,13",83702.8008,44360,17673.023999999998,66029.77679999999,0.0
10355702,6,3,3,"48,47,21","19,16,13",83702.8008,44360,17673.023999999998,66029.77679999999,0.0
4691901,3,3,0,"59,59,23",,76808.2032,27320,10884.287999999999,65923.9152,0.0
13583902,3,3,0,"59,59,23",,76808.2032,27320,10884.287999999999,65923.9152,0.0
482701,4,2,2,"63,50","17,11",79060.6404,33000,13147.199999999999,65913.4404,0.0
9374702,4,2,2,"63,50","17,11",79060.6404,33000,13147.199999999999,65913.4404,0.0
8098301,3,2,1,"60,59",17,76758.96960000001,27320,10884.287999999999,65874.68160000001,0.0
16990302,3,2,1,"60,59",17,76758.96960000001,27320,10884.287999999999,65874.68160000001,0.0
460001,2,2,0,"64,64",,74259.4176,21640,8621.376,65638.0416,0.0
1008901,2,2,0,"64,64",,74259.4176,21640,8621.376,65638.0416,0.0
1267801,2,2,0,"64,64",,74259.4176,21640,8621.376,65638.0416,3151.1806640625
1433401,2,2,0,"64,64",,74259.4176,21640,8621.376,65638.0416,0.0
2130701,2,2,0,"64,64",,74259.4176,21640,8621.376,65638.0416,0.0
2594401,2,2,0,"64,64",,74259.4176,21640,8621.376,65638.0416,0.0
2778401,2,2,0,"64,64",,74259.4176,21640,8621.376,65638.0416,0.0
4158401,2,2,0,"64,64",,74259.4176,21640,8621.376,65638.0416,0.0
4166601,2,2,0,"64,64",,74259.4176,21640,8621.376,65638.0416,0.0
4269701,2,2,0,"64,64",,74259.4176,21640,8621.376,65638.0416,0.0
5646801,2,2,0,"64,64",,74259.4176,21640,8621.376,65638.0416,0.0
5879901,2,2,0,"64,64",,74259.4176,21640,8621.376,65638.0416,0.0
6817601,2,2,0,"64,64",,74259.4176,21640,8621.376,65638.0416,19021.22265625
7487401,2,2,0,"64,64",,74259.4176,21640,8621.376,65638.0416,0.0
8203801,2,2,0,"64,64",,74259.4176,21640,8621.376,65638.0416,0.0
8473203,2,2,0,"64,64",,74259.4176,21640,8621.376,65638.0416,0.0
8251601,2,2,0,"64,64",,74259.4176,21640,8621.376,65638.0416,0.0
9352002,2,2,0,"64,64",,74259.4176,21640,8621.376,65638.0416,0.0
9900902,2,2,0,"64,64",,74259.4176,21640,8621.376,65638.0416,0.0
10159802,2,2,0,"64,64",,74259.4176,21640,8621.376,65638.0416,0.0
10325402,2,2,0,"64,64",,74259.4176,21640,8621.376,65638.0416,0.0
11022702,2,2,0,"64,64",,74259.4176,21640,8621.376,65638.0416,0.0
11486402,2,2,0,"64,64",,74259.4176,21640,8621.376,65638.0416,2.4687700271606445
11670402,2,2,0,"64,64",,74259.4176,21640,8621.376,65638.0416,0.0
13050402,2,2,0,"64,64",,74259.4176,21640,8621.376,65638.0416,0.0
13058602,2,2,0,"64,64",,74259.4176,21640,8621.376,65638.0416,0.0
13161702,2,2,0,"64,64",,74259.4176,21640,8621.376,65638.0416,0.0
14538802,2,2,0,"64,64",,74259.4176,21640,8621.376,65638.0416,0.0
14771902,2,2,0,"64,64",,74259.4176,21640,8621.376,65638.0416,0.0
15709602,2,2,0,"64,64",,74259.4176,21640,8621.376,65638.0416,0.0
16379402,2,2,0,"64,64",,74259.4176,21640,8621.376,65638.0416,0.0
17095802,2,2,0,"64,64",,74259.4176,21640,8621.376,65638.0416,0.6185225248336792
17365204,2,2,0,"64,64",,74259.4176,21640,8621.376,65638.0416,4226.2587890625
17143602,2,2,0,"64,64",,74259.4176,21640,8621.376,65638.0416,0.0
8888801,3,2,1,"61,59",7,76461.6744,27320,10884.287999999999,65577.3864,0.0
17780802,3,2,1,"61,59",7,76461.6744,27320,10884.287999999999,65577.3864,0.0
611201,5,3,2,"54,48,21","18,16",80967.49560000001,38680,15410.112,65557.38360000002,0.0
9503202,5,3,2,"54,48,21","18,16",80967.49560000001,38680,15410.112,65557.38360000002,0.0
8564701,4,3,1,"59,50,21",20,78701.80320000001,33000,13147.199999999999,65554.60320000001,15212.4794921875
17456702,4,3,1,"59,50,21",20,78701.80320000001,33000,13147.199999999999,65554.60320000001,63479.21875
356101,5,2,3,"54,51","18,16,14",80905.0068,38680,15410.112,65494.8948,0.0
9248102,5,2,3,"54,51","18,16,14",80905.0068,38680,15410.112,65494.8948,0.0
1291701,3,2,1,"63,56",17,76363.2072,27320,10884.287999999999,65478.919200000004,5328.15869140625
10183702,3,2,1,"63,56",17,76363.2072,27320,10884.287999999999,65478.919200000004,0.0
2100601,4,2,2,"63,51","13,12",78553.1556,33000,13147.199999999999,65405.9556,0.0
10992602,4,2,2,"63,51","13,12",78553.1556,33000,13147.199999999999,65405.9556,0.0
1309901,4,3,1,"56,53,22",20,78504.86880000001,33000,13147.199999999999,65357.668800000014,0.0
10201902,4,3,1,"56,53,22",20,78504.86880000001,33000,13147.199999999999,65357.668800000014,273.5341491699219
6419501,3,3,0,"59,58,21",,76127.454,27320,10884.287999999999,65243.166,10687.740234375
15311502,3,3,0,"59,58,21",,76127.454,27320,10884.287999999999,65243.166,0.0
1361101,6,3,3,"48,47,22","20,11,8",82898.02080000001,44360,17673.023999999998,65224.996800000015,0.0
10253102,6,3,3,"48,47,22","20,11,8",82898.02080000001,44360,17673.023999999998,65224.996800000015,0.0
356701,4,2,2,"57,53","20,17",78368.52960000001,33000,13147.199999999999,65221.32960000001,0.0
9248702,4,2,2,"57,53","20,17",78368.52960000001,33000,13147.199999999999,65221.32960000001,0.0
1610901,5,4,1,"50,50,21,21",19,80607.7116,38680,15410.112,65197.599599999994,0.0
10502902,5,4,1,"50,50,21,21",19,80607.7116,38680,15410.112,65197.599599999994,0.0
1626701,3,3,0,"61,56,22",,76028.98680000001,27320,10884.287999999999,65144.69880000001,0.0
8308301,3,3,0,"61,56,22",,76028.98680000001,27320,10884.287999999999,65144.69880000001,0.0
10518702,3,3,0,"61,56,22",,76028.98680000001,27320,10884.287999999999,65144.69880000001,0.0
17200302,3,3,0,"61,56,22",,76028.98680000001,27320,10884.287999999999,65144.69880000001,0.0
3859401,5,2,3,"56,48","18,16,12",80510.19119999999,38680,15410.112,65100.079199999986,3498.44970703125
12751402,5,2,3,"56,48","18,16,12",80510.19119999999,38680,15410.112,65100.079199999986,0.0
1423801,2,2,0,"64,63",,73664.8272,21640,8621.376,65043.451199999996,41009.54296875
1445701,2,2,0,"64,63",,73664.8272,21640,8621.376,65043.451199999996,0.0
1579801,2,2,0,"64,63",,73664.8272,21640,8621.376,65043.451199999996,0.0
1676701,2,2,0,"64,63",,73664.8272,21640,8621.376,65043.451199999996,0.0
1722701,2,2,0,"64,63",,73664.8272,21640,8621.376,65043.451199999996,752.0707397460938
1815501,2,2,0,"64,63",,73664.8272,21640,8621.376,65043.451199999996,7036.32275390625
2046601,2,2,0,"64,63",,73664.8272,21640,8621.376,65043.451199999996,0.0
2283401,2,2,0,"64,63",,73664.8272,21640,8621.376,65043.451199999996,0.0
3022001,2,2,0,"64,63",,73664.8272,21640,8621.376,65043.451199999996,0.0
3143501,2,2,0,"64,63",,73664.8272,21640,8621.376,65043.451199999996,0.0
3190801,2,2,0,"64,63",,73664.8272,21640,8621.376,65043.451199999996,0.0
3913201,2,2,0,"64,63",,73664.8272,21640,8621.376,65043.451199999996,0.0
4326501,2,2,0,"64,63",,73664.8272,21640,8621.376,65043.451199999996,562.2509765625
4487201,2,2,0,"64,63",,73664.8272,21640,8621.376,65043.451199999996,0.0
4652801,2,2,0,"64,63",,73664.8272,21640,8621.376,65043.451199999996,0.0
4684701,2,2,0,"64,63",,73664.8272,21640,8621.376,65043.451199999996,773.618408203125
4761301,2,2,0,"64,63",,73664.8272,21640,8621.376,65043.451199999996,0.0
4908301,2,2,0,"64,63",,73664.8272,21640,8621.376,65043.451199999996,0.0
5043701,2,2,0,"64,63",,73664.8272,21640,8621.376,65043.451199999996,0.0
5323501,2,2,0,"64,63",,73664.8272,21640,8621.376,65043.451199999996,0.0
5590601,2,2,0,"64,63",,73664.8272,21640,8621.376,65043.451199999996,0.0
5733501,2,2,0,"64,63",,73664.8272,21640,8621.376,65043.451199999996,0.0
6160001,2,2,0,"64,63",,73664.8272,21640,8621.376,65043.451199999996,0.0
6256801,2,2,0,"64,63",,73664.8272,21640,8621.376,65043.451199999996,0.0
7553701,2,2,0,"64,63",,73664.8272,21640,8621.376,65043.451199999996,0.0
7566201,2,2,0,"64,63",,73664.8272,21640,8621.376,65043.451199999996,75.13545227050781
7600701,2,2,0,"64,63",,73664.8272,21640,8621.376,65043.451199999996,0.0
8092201,2,2,0,"64,63",,73664.8272,21640,8621.376,65043.451199999996,0.0
10315802,2,2,0,"64,63",,73664.8272,21640,8621.376,65043.451199999996,0.0
10337702,2,2,0,"64,63",,73664.8272,21640,8621.376,65043.451199999996,0.0
10471802,2,2,0,"64,63",,73664.8272,21640,8621.376,65043.451199999996,0.0
10568702,2,2,0,"64,63",,73664.8272,21640,8621.376,65043.451199999996,0.0
10614702,2,2,0,"64,63",,73664.8272,21640,8621.376,65043.451199999996,0.0
10707502,2,2,0,"64,63",,73664.8272,21640,8621.376,65043.451199999996,0.0
10938602,2,2,0,"64,63",,73664.8272,21640,8621.376,65043.451199999996,0.0
11175402,2,2,0,"64,63",,73664.8272,21640,8621.376,65043.451199999996,0.0
11914002,2,2,0,"64,63",,73664.8272,21640,8621.376,65043.451199999996,0.0
12035502,2,2,0,"64,63",,73664.8272,21640,8621.376,65043.451199999996,0.0
12082802,2,2,0,"64,63",,73664.8272,21640,8621.376,65043.451199999996,0.0
12805202,2,2,0,"64,63",,73664.8272,21640,8621.376,65043.451199999996,0.0
13218502,2,2,0,"64,63",,73664.8272,21640,8621.376,65043.451199999996,0.0
13379202,2,2,0,"64,63",,73664.8272,21640,8621.376,65043.451199999996,0.0
13544802,2,2,0,"64,63",,73664.8272,21640,8621.376,65043.451199999996,0.0
13576702,2,2,0,"64,63",,73664.8272,21640,8621.376,65043.451199999996,0.0
13653302,2,2,0,"64,63",,73664.8272,21640,8621.376,65043.451199999996,0.0
13800302,2,2,0,"64,63",,73664.8272,21640,8621.376,65043.451199999996,0.0
13935702,2,2,0,"64,63",,73664.8272,21640,8621.376,65043.451199999996,0.0
14215502,2,2,0,"64,63",,73664.8272,21640,8621.376,65043.451199999996,0.0
14482602,2,2,0,"64,63",,73664.8272,21640,8621.376,65043.451199999996,0.0
14625502,2,2,0,"64,63",,73664.8272,21640,8621.376,65043.451199999996,0.0
15052002,2,2,0,"64,63",,73664.8272,21640,8621.376,65043.451199999996,0.0
15148802,2,2,0,"64,63",,73664.8272,21640,8621.376,65043.451199999996,0.0
16445702,2,2,0,"64,63",,73664.8272,21640,8621.376,65043.451199999996,0.0
16458202,2,2,0,"64,63",,73664.8272,21640,8621.376,65043.451199999996,0.0
16492702,2,2,0,"64,63",,73664.8272,21640,8621.376,65043.451199999996,0.0
16984202,2,2,0,"64,63",,73664.8272,21640,8621.376,65043.451199999996,0.0
3633801,4,3,1,"56,53,21",19,78146.0316,33000,13147.199999999999,64998.831600000005,0.0
12525802,4,3,1,"56,53,21",19,78146.0316,33000,13147.199999999999,64998.831600000005,0.0
2566701,5,3,2,"52,51,21","18,13",80385.2136,38680,15410.112,64975.1016,0.0
11458702,5,3,2,"52,51,21","18,13",80385.2136,38680,15410.112,64975.1016,0.0
116901,4,2,2,"58,55","7,6",78070.2876,33000,13147.199999999999,64923.0876,1328.43798828125
9008902,4,2,2,"58,55","7,6",78070.2876,33000,13147.199999999999,64923.0876,0.0
6043502,4,2,2,"58,54","16,13",78057.9792,33000,13147.199999999999,64910.779200000004,0.0
14935503,4,2,2,"58,54","16,13",78057.9792,33000,13147.199999999999,64910.779200000004,0.0
7733301,4,2,2,"58,53","17,15",78046.61760000001,33000,13147.199999999999,64899.417600000015,0.0
16625302,4,2,2,"58,53","17,15",78046.61760000001,33000,13147.199999999999,64899.417600000015,0.0
890401,5,2,3,"54,51","17,15,14",80236.56599999999,38680,15410.112,64826.45399999999,14432.970703125
9782402,5,2,3,"54,51","17,15,14",80236.56599999999,38680,15410.112,64826.45399999999,0.0
780501,4,3,1,"62,47,23",16,77910.2784,33000,13147.199999999999,64763.0784,0.0
9672502,4,3,1,"62,47,23",16,77910.2784,33000,13147.199999999999,64763.0784,0.0
4763001,4,4,0,"55,53,26,21",,77897.96999999999,33000,13147.199999999999,64750.76999999999,0.0
13655002,4,4,0,"55,53,26,21",,77897.96999999999,33000,13147.199999999999,64750.76999999999,0.0
7369801,5,3,2,"53,50,22","17,9",80150.4072,38680,15410.112,64740.2952,484.7939453125
8360101,5,3,2,"53,50,21","17,14",80150.4072,38680,15410.112,64740.2952,0.0
16261802,5,3,2,"53,50,22","17,9",80150.4072,38680,15410.112,64740.2952,0.0
17252102,5,3,2,"53,50,21","17,14",80150.4072,38680,15410.112,64740.2952,0.0
8042601,4,2,2,"61,52","14,13",77872.4064,33000,13147.199999999999,64725.20640000001,0.0
16934602,4,2,2,"61,52","14,13",77872.4064,33000,13147.199999999999,64725.20640000001,0.0
1710701,3,2,1,"64,54",20,75558.4272,27320,10884.287999999999,64674.139200000005,0.0
10602702,3,2,1,"64,54",20,75558.4272,27320,10884.287999999999,64674.139200000005,0.0
610603,3,3,0,"62,55,22",,75533.8104,27320,10884.287999999999,64649.5224,0.0
9502604,3,3,0,"62,55,22",,75533.8104,27320,10884.287999999999,64649.5224,0.0
3527001,3,3,0,"58,58,22",,75446.7048,27320,10884.287999999999,64562.416800000006,0.0
4522701,3,3,0,"58,58,21",,75446.7048,27320,10884.287999999999,64562.416800000006,0.0
4563901,3,3,0,"58,58,23",,75446.7048,27320,10884.287999999999,64562.416800000006,871.8338623046875
5882801,3,3,0,"58,58,23",,75446.7048,27320,10884.287999999999,64562.416800000006,0.0
12419002,3,3,0,"58,58,22",,75446.7048,27320,10884.287999999999,64562.416800000006,0.0
13414702,3,3,0,"58,58,21",,75446.7048,27320,10884.287999999999,64562.416800000006,0.0
13455902,3,3,0,"58,58,23",,75446.7048,27320,10884.287999999999,64562.416800000006,0.0
14774802,3,3,0,"58,58,23",,75446.7048,27320,10884.287999999999,64562.416800000006,0.0
1372201,3,2,1,"60,57",19,75397.4712,27320,10884.287999999999,64513.1832,0.0
3900601,3,2,1,"59,58",19,75397.4712,27320,10884.287999999999,64513.1832,0.0
10264202,3,2,1,"60,57",19,75397.4712,27320,10884.287999999999,64513.1832,20150.916015625
12792602,3,2,1,"59,58",19,75397.4712,27320,10884.287999999999,64513.1832,0.0
2378201,5,2,3,"57,47","16,15,14",79914.654,38680,15410.112,64504.541999999994,65183.765625
11270202,5,2,3,"57,47","16,15,14",79914.654,38680,15410.112,64504.541999999994,0.0
108501,2,2,0,"63,63",,73070.2368,21640,8621.376,64448.860799999995,0.0
347801,2,2,0,"63,63",,73070.2368,21640,8621.376,64448.860799999995,0.0
1620601,2,2,0,"63,63",,73070.2368,21640,8621.376,64448.860799999995,0.0
2176601,2,2,0,"63,63",,73070.2368,21640,8621.376,64448.860799999995,0.0
2095801,2,2,0,"63,63",,73070.2368,21640,8621.376,64448.860799999995,0.0
2519701,2,2,0,"63,63",,73070.2368,21640,8621.376,64448.860799999995,0.0
3929601,2,2,0,"63,63",,73070.2368,21640,8621.376,64448.860799999995,0.0
4438101,2,2,0,"63,63",,73070.2368,21640,8621.376,64448.860799999995,0.0
4754601,2,2,0,"63,63",,73070.2368,21640,8621.376,64448.860799999995,0.0
5081201,2,2,0,"63,63",,73070.2368,21640,8621.376,64448.860799999995,0.0
5015101,2,2,0,"63,63",,73070.2368,21640,8621.376,64448.860799999995,0.0
6404001,2,2,0,"63,63",,73070.2368,21640,8621.376,64448.860799999995,0.0
6157301,2,2,0,"63,63",,73070.2368,21640,8621.376,64448.860799999995,0.0
6256501,2,2,0,"63,63",,73070.2368,21640,8621.376,64448.860799999995,0.0
7915401,2,2,0,"63,63",,73070.2368,21640,8621.376,64448.860799999995,0.0
8275001,2,2,0,"63,63",,73070.2368,21640,8621.376,64448.860799999995,0.0
8345002,2,2,0,"63,63",,73070.2368,21640,8621.376,64448.860799999995,0.0
8388101,2,2,0,"63,63",,73070.2368,21640,8621.376,64448.860799999995,0.0
8546901,2,2,0,"63,63",,73070.2368,21640,8621.376,64448.860799999995,394.2763977050781
8819601,2,2,0,"63,63",,73070.2368,21640,8621.376,64448.860799999995,0.0
9000502,2,2,0,"63,63",,73070.2368,21640,8621.376,64448.860799999995,0.0
9239802,2,2,0,"63,63",,73070.2368,21640,8621.376,64448.860799999995,0.0
10512602,2,2,0,"63,63",,73070.2368,21640,8621.376,64448.860799999995,0.0
11068602,2,2,0,"63,63",,73070.2368,21640,8621.376,64448.860799999995,0.0
10987802,2,2,0,"63,63",,73070.2368,21640,8621.376,64448.860799999995,0.0
11411702,2,2,0,"63,63",,73070.2368,21640,8621.376,64448.860799999995,0.0
12821602,2,2,0,"63,63",,73070.2368,21640,8621.376,64448.860799999995,0.0
13330102,2,2,0,"63,63",,73070.2368,21640,8621.376,64448.860799999995,0.0
13646602,2,2,0,"63,63",,73070.2368,21640,8621.376,64448.860799999995,0.0
13973202,2,2,0,"63,63",,73070.2368,21640,8621.376,64448.860799999995,0.0
13907102,2,2,0,"63,63",,73070.2368,21640,8621.376,64448.860799999995,0.0
15296002,2,2,0,"63,63",,73070.2368,21640,8621.376,64448.860799999995,0.0
15049302,2,2,0,"63,63",,73070.2368,21640,8621.376,64448.860799999995,0.0
15148502,2,2,0,"63,63",,73070.2368,21640,8621.376,64448.860799999995,0.0
16807402,2,2,0,"63,63",,73070.2368,21640,8621.376,64448.860799999995,0.0
17167002,2,2,0,"63,63",,73070.2368,21640,8621.376,64448.860799999995,0.0
17237003,2,2,0,"63,63",,73070.2368,21640,8621.376,64448.860799999995,0.0
17280102,2,2,0,"63,63",,73070.2368,21640,8621.376,64448.860799999995,0.0
17438902,2,2,0,"63,63",,73070.2368,21640,8621.376,64448.860799999995,0.0
17711602,2,2,0,"63,63",,73070.2368,21640,8621.376,64448.860799999995,0.0
6528701,4,2,2,"58,51","20,17",77576.058,33000,13147.199999999999,64428.85800000001,0.0
8138901,4,2,2,"56,54","19,16",77576.058,33000,13147.199999999999,64428.85800000001,0.0
15420702,4,2,2,"58,51","20,17",77576.058,33000,13147.199999999999,64428.85800000001,0.0
17030902,4,2,2,"56,54","19,16",77576.058,33000,13147.199999999999,64428.85800000001,0.0
2273701,3,2,1,"60,59",13,75273.4404,27320,10884.287999999999,64389.152400000006,23232.48046875
11165702,3,2,1,"60,59",13,75273.4404,27320,10884.287999999999,64389.152400000006,0.0
1604601,5,2,3,"52,52","18,16,9",79716.77279999999,38680,15410.112,64306.66079999999,0.0
10496602,5,2,3,"52,52","18,16,9",79716.77279999999,38680,15410.112,64306.66079999999,0.0
2427601,3,2,1,"62,57",14,75187.2816,27320,10884.287999999999,64302.9936,0.0
4860601,3,2,1,"62,57",14,75187.2816,27320,10884.287999999999,64302.9936,0.0
11319602,3,2,1,"62,57",14,75187.2816,27320,10884.287999999999,64302.9936,0.0
13752602,3,2,1,"62,57",14,75187.2816,27320,10884.287999999999,64302.9936,0.0
5075702,3,3,0,"58,57,28",,75149.40960000001,27320,10884.287999999999,64265.12160000001,0.0
13967703,3,3,0,"58,57,28",,75149.40960000001,27320,10884.287999999999,64265.12160000001,0.0
4523301,4,2,2,"57,53","19,15",77365.86839999999,33000,13147.199999999999,64218.668399999995,0.0
13415302,4,2,2,"57,53","19,15",77365.86839999999,33000,13147.199999999999,64218.668399999995,0.0
8237101,4,3,1,"55,54,21",17,77352.6132,33000,13147.199999999999,64205.41320000001,0.0
17129102,4,3,1,"55,54,21",17,77352.6132,33000,13147.199999999999,64205.41320000001,0.0
7288401,5,2,3,"55,48","19,16,13",79581.38040000001,38680,15410.112,64171.26840000001,1201.3936767578125
16180402,5,2,3,"55,48","19,16,13",79581.38040000001,38680,15410.112,64171.26840000001,0.0
3258801,3,2,1,"59,58",18,75050.9424,27320,10884.287999999999,64166.6544,0.0
6208801,3,3,0,"61,55,26",,75050.9424,27320,10884.287999999999,64166.6544,0.0
12150802,3,2,1,"59,58",18,75050.9424,27320,10884.287999999999,64166.6544,0.0
15100802,3,3,0,"61,55,26",,75050.9424,27320,10884.287999999999,64166.6544,0.0
8574601,4,2,2,"58,52","18,15",77303.3796,33000,13147.199999999999,64156.1796,0.0
17466602,4,2,2,"58,52","18,15",77303.3796,33000,13147.199999999999,64156.1796,169.9798126220703
4696101,4,3,1,"55,53,21",20,77229.5292,33000,13147.199999999999,64082.32920000001,0.0
13588102,4,3,1,"55,53,21",20,77229.5292,33000,13147.199999999999,64082.32920000001,0.0
1150201,2,2,0,"64,62",,72687.7296,21640,8621.376,64066.3536,34506.140625
1428501,2,2,0,"64,62",,72687.7296,21640,8621.376,64066.3536,0.0
1224301,2,2,0,"64,62",,72687.7296,21640,8621.376,64066.3536,0.0
1274301,2,2,0,"64,62",,72687.7296,21640,8621.376,64066.3536,719.9190063476562
1854101,2,2,0,"64,62",,72687.7296,21640,8621.376,64066.3536,100285.8125
1877001,2,2,0,"64,62",,72687.7296,21640,8621.376,64066.3536,24244.9921875
2221801,2,2,0,"64,62",,72687.7296,21640,8621.376,64066.3536,0.0
2510301,2,2,0,"64,62",,72687.7296,21640,8621.376,64066.3536,0.0
3489901,2,2,0,"64,62",,72687.7296,21640,8621.376,64066.3536,0.0
3985601,2,2,0,"64,62",,72687.7296,21640,8621.376,64066.3536,85379.578125
4203801,2,2,0,"64,62",,72687.7296,21640,8621.376,64066.3536,100749.875
4416101,2,2,0,"64,62",,72687.7296,21640,8621.376,64066.3536,5482.177734375
5137601,2,2,0,"64,62",,72687.7296,21640,8621.376,64066.3536,0.0
5197701,2,2,0,"64,62",,72687.7296,21640,8621.376,64066.3536,0.0
5601301,2,2,0,"64,62",,72687.7296,21640,8621.376,64066.3536,17788.310546875
7080001,2,2,0,"64,62",,72687.7296,21640,8621.376,64066.3536,0.0
7698601,2,2,0,"64,62",,72687.7296,21640,8621.376,64066.3536,0.0
8599101,2,2,0,"64,62",,72687.7296,21640,8621.376,64066.3536,0.0
10042202,2,2,0,"64,62",,72687.7296,21640,8621.376,64066.3536,0.0
10320502,2,2,0,"64,62",,72687.7296,21640,8621.376,64066.3536,0.0
10116302,2,2,0,"64,62",,72687.7296,21640,8621.376,64066.3536,0.0
10166302,2,2,0,"64,62",,72687.7296,21640,8621.376,64066.3536,0.0
10746102,2,2,0,"64,62",,72687.7296,21640,8621.376,64066.3536,0.0
10769002,2,2,0,"64,62",,72687.7296,21640,8621.376,64066.3536,0.0
11113802,2,2,0,"64,62",,72687.7296,21640,8621.376,64066.3536,0.0
11402302,2,2,0,"64,62",,72687.7296,21640,8621.376,64066.3536,0.0
12381902,2,2,0,"64,62",,72687.7296,21640,8621.376,64066.3536,0.0
12877602,2,2,0,"64,62",,72687.7296,21640,8621.376,64066.3536,164.58229064941406
13095802,2,2,0,"64,62",,72687.7296,21640,8621.376,64066.3536,0.0
13308102,2,2,0,"64,62",,72687.7296,21640,8621.376,64066.3536,6.369419574737549
14029602,2,2,0,"64,62",,72687.7296,21640,8621.376,64066.3536,0.10263318568468094
14089702,2,2,0,"64,62",,72687.7296,21640,8621.376,64066.3536,0.0
14493302,2,2,0,"64,62",,72687.7296,21640,8621.376,64066.3536,0.0
15972002,2,2,0,"64,62",,72687.7296,21640,8621.376,64066.3536,34552.703125
16590602,2,2,0,"64,62",,72687.7296,21640,8621.376,64066.3536,0.0
17491102,2,2,0,"64,62",,72687.7296,21640,8621.376,64066.3536,0.0
1671001,5,2,3,"54,51","17,12,11",79394.8608,38680,15410.112,63984.748799999994,0.0
10563002,5,2,3,"54,51","17,12,11",79394.8608,38680,15410.112,63984.748799999994,0.0
2471901,4,3,1,"55,55,23",11,77043.0096,33000,13147.199999999999,63895.80960000001,0.0
11363902,4,3,1,"55,55,23",11,77043.0096,33000,13147.199999999999,63895.80960000001,0.0
7365602,3,2,1,"63,55",16,74765.95559999999,27320,10884.287999999999,63881.667599999986,1103.6536865234375
16257603,3,2,1,"63,55",16,74765.95559999999,27320,10884.287999999999,63881.667599999986,257.0091857910156
1271701,3,3,0,"59,57,21",,74753.6472,27320,10884.287999999999,63869.359200000006,0.0
8477901,3,3,0,"59,57,23",,74753.6472,27320,10884.287999999999,63869.359200000006,0.0
10163702,3,3,0,"59,57,21",,74753.6472,27320,10884.287999999999,63869.359200000006,0.0
17369902,3,3,0,"59,57,23",,74753.6472,27320,10884.287999999999,63869.359200000006,0.0
2137301,3,2,1,"62,56",15,74742.2856,27320,10884.287999999999,63857.9976,0.0
11029302,3,2,1,"62,56",15,74742.2856,27320,10884.287999999999,63857.9976,0.0
7413401,4,2,2,"55,54","20,17",76981.4676,33000,13147.199999999999,63834.26760000001,0.0
16305402,4,2,2,"55,54","20,17",76981.4676,33000,13147.199999999999,63834.26760000001,0.0
3612601,5,3,2,"50,50,22","20,16",79221.5964,38680,15410.112,63811.484399999994,0.0
12504602,5,3,2,"50,50,22","20,16",79221.5964,38680,15410.112,63811.484399999994,0.0
387301,4,2,2,"59,50","20,16",76956.8508,33000,13147.199999999999,63809.6508,0.0
9279302,4,2,2,"59,50","20,16",76956.8508,33000,13147.199999999999,63809.6508,0.0
8563901,3,2,1,"60,58",10,74592.6912,27320,10884.287999999999,63708.4032,0.0
17455902,3,2,1,"60,58",10,74592.6912,27320,10884.287999999999,63708.4032,0.0
1325401,6,3,3,"50,44,21","16,13,7",81337.6944,44360,17673.023999999998,63664.670399999995,0.0
10217402,6,3,3,"50,44,21","16,13,7",81337.6944,44360,17673.023999999998,63664.670399999995,0.0
950701,3,2,1,"60,56",20,74469.6072,27320,10884.287999999999,63585.3192,0.0
1159601,3,2,1,"60,56",20,74469.6072,27320,10884.287999999999,63585.3192,0.0
9842702,3,2,1,"60,56",20,74469.6072,27320,10884.287999999999,63585.3192,0.0
10051602,3,2,1,"60,56",20,74469.6072,27320,10884.287999999999,63585.3192,5.131777286529541
3186301,6,3,3,"46,46,21","19,16,10",81252.4824,44360,17673.023999999998,63579.458399999996,0.0
12078302,6,3,3,"46,46,21","19,16,10",81252.4824,44360,17673.023999999998,63579.458399999996,0.0
8229601,6,3,3,"46,46,22","18,17,14",81227.8656,44360,17673.023999999998,63554.84160000001,0.0
17121602,6,3,3,"46,46,22","18,17,14",81227.8656,44360,17673.023999999998,63554.84160000001,0.0
370501,5,2,3,"51,51","20,18,14",78937.55639999999,38680,15410.112,63527.444399999986,0.0
9262502,5,2,3,"51,51","20,18,14",78937.55639999999,38680,15410.112,63527.444399999986,0.0
1125601,3,2,1,"61,57",0,74407.1184,27320,10884.287999999999,63522.830400000006,0.0
10017602,3,2,1,"61,57",0,74407.1184,27320,10884.287999999999,63522.830400000006,0.0
965701,5,3,2,"52,49,21","17,15",78912.93960000001,38680,15410.112,63502.82760000001,85229.078125
9857702,5,3,2,"52,49,21","17,15",78912.93960000001,38680,15410.112,63502.82760000001,0.0
1625001,5,2,3,"53,51","19,8,6",78912.9396,38680,15410.112,63502.8276,25660.962890625
10517002,5,2,3,"53,51","19,8,6",78912.9396,38680,15410.112,63502.8276,0.0
7352601,3,2,1,"59,57",20,74382.5016,27320,10884.287999999999,63498.2136,284.5079345703125
16244602,3,2,1,"59,57",20,74382.5016,27320,10884.287999999999,63498.2136,0.12756505608558655
4358601,5,3,2,"50,49,22","19,19",78888.32280000001,38680,15410.112,63478.21080000001,0.0
13250602,5,3,2,"50,49,22","19,19",78888.32280000001,38680,15410.112,63478.21080000001,0.0
109801,4,2,2,"55,54","19,17",76622.63040000001,33000,13147.199999999999,63475.43040000001,0.0
9001802,4,2,2,"55,54","19,17",76622.63040000001,33000,13147.199999999999,63475.43040000001,0.0
765301,3,3,0,"62,54,21",,74357.8848,27320,10884.287999999999,63473.5968,1744.7523193359375
9657302,3,3,0,"62,54,21",,74357.8848,27320,10884.287999999999,63473.5968,20313.435546875
421401,2,2,0,"63,62",,72093.1392,21640,8621.376,63471.7632,949.818359375
636701,2,2,0,"63,62",,72093.1392,21640,8621.376,63471.7632,0.0
705301,2,2,0,"63,62",,72093.1392,21640,8621.376,63471.7632,0.0
711101,2,2,0,"63,62",,72093.1392,21640,8621.376,63471.7632,1474.604248046875
723401,2,2,0,"63,62",,72093.1392,21640,8621.376,63471.7632,0.0
1117301,2,2,0,"63,62",,72093.1392,21640,8621.376,63471.7632,0.0
1126401,2,2,0,"63,62",,72093.1392,21640,8621.376,63471.7632,0.0
1287301,2,2,0,"63,62",,72093.1392,21640,8621.376,63471.7632,0.0
1321701,2,2,0,"63,62",,72093.1392,21640,8621.376,63471.7632,0.0
1424301,2,2,0,"63,62",,72093.1392,21640,8621.376,63471.7632,0.0
1237801,2,2,0,"63,62",,72093.1392,21640,8621.376,63471.7632,0.0
2111801,2,2,0,"63,62",,72093.1392,21640,8621.376,63471.7632,15429.2607421875
2208901,2,2,0,"63,62",,72093.1392,21640,8621.376,63471.7632,0.0
2216201,2,2,0,"63,62",,72093.1392,21640,8621.376,63471.7632,4732.92822265625
3222401,2,2,0,"63,62",,72093.1392,21640,8621.376,63471.7632,0.0
3543601,2,2,0,"63,62",,72093.1392,21640,8621.376,63471.7632,0.0
3939901,2,2,0,"63,62",,72093.1392,21640,8621.376,63471.7632,0.0
4614201,2,2,0,"63,62",,72093.1392,21640,8621.376,63471.7632,0.0
4883601,2,2,0,"63,62",,72093.1392,21640,8621.376,63471.7632,0.0
4898201,2,2,0,"63,62",,72093.1392,21640,8621.376,63471.7632,338.84197998046875
5278401,2,2,0,"63,62",,72093.1392,21640,8621.376,63471.7632,0.0
5468101,2,2,0,"63,62",,72093.1392,21640,8621.376,63471.7632,0.0
6205801,2,2,0,"63,62",,72093.1392,21640,8621.376,63471.7632,0.0
5990901,2,2,0,"63,62",,72093.1392,21640,8621.376,63471.7632,0.0
6991801,2,2,0,"63,62",,72093.1392,21640,8621.376,63471.7632,0.0
7521001,2,2,0,"63,62",,72093.1392,21640,8621.376,63471.7632,0.0
7772801,2,2,0,"63,62",,72093.1392,21640,8621.376,63471.7632,0.0
7995702,2,2,0,"63,62",,72093.1392,21640,8621.376,63471.7632,0.0
8140301,2,2,0,"63,62",,72093.1392,21640,8621.376,63471.7632,574.7103271484375
8552901,2,2,0,"63,62",,72093.1392,21640,8621.376,63471.7632,9315.427734375
8615401,2,2,0,"63,62",,72093.1392,21640,8621.376,63471.7632,0.0
8635201,2,2,0,"63,62",,72093.1392,21640,8621.376,63471.7632,0.0
9313402,2,2,0,"63,62",,72093.1392,21640,8621.376,63471.7632,0.0
9528702,2,2,0,"63,62",,72093.1392,21640,8621.376,63471.7632,0.0
9597302,2,2,0,"63,62",,72093.1392,21640,8621.376,63471.7632,0.0
9603102,2,2,0,"63,62",,72093.1392,21640,8621.376,63471.7632,0.0
9615402,2,2,0,"63,62",,72093.1392,21640,8621.376,63471.7632,0.0
10009302,2,2,0,"63,62",,72093.1392,21640,8621.376,63471.7632,0.0
10018402,2,2,0,"63,62",,72093.1392,21640,8621.376,63471.7632,0.0
10179302,2,2,0,"63,62",,72093.1392,21640,8621.376,63471.7632,0.0
10213702,2,2,0,"63,62",,72093.1392,21640,8621.376,63471.7632,0.0
10316302,2,2,0,"63,62",,72093.1392,21640,8621.376,63471.7632,0.0
10129802,2,2,0,"63,62",,72093.1392,21640,8621.376,63471.7632,3691.270751953125
11003802,2,2,0,"63,62",,72093.1392,21640,8621.376,63471.7632,0.0
11100902,2,2,0,"63,62",,72093.1392,21640,8621.376,63471.7632,0.0
11108202,2,2,0,"63,62",,72093.1392,21640,8621.376,63471.7632,0.0
12114402,2,2,0,"63,62",,72093.1392,21640,8621.376,63471.7632,0.0
12435602,2,2,0,"63,62",,72093.1392,21640,8621.376,63471.7632,0.0
12831902,2,2,0,"63,62",,72093.1392,21640,8621.376,63471.7632,37519.984375
13506202,2,2,0,"63,62",,72093.1392,21640,8621.376,63471.7632,0.0
13775602,2,2,0,"63,62",,72093.1392,21640,8621.376,63471.7632,0.0
13790202,2,2,0,"63,62",,72093.1392,21640,8621.376,63471.7632,0.0
14170402,2,2,0,"63,62",,72093.1392,21640,8621.376,63471.7632,0.0
14360102,2,2,0,"63,62",,72093.1392,21640,8621.376,63471.7632,0.0
15097802,2,2,0,"63,62",,72093.1392,21640,8621.376,63471.7632,0.0
14882902,2,2,0,"63,62",,72093.1392,21640,8621.376,63471.7632,0.0
15883802,2,2,0,"63,62",,72093.1392,21640,8621.376,63471.7632,0.0
16413002,2,2,0,"63,62",,72093.1392,21640,8621.376,63471.7632,113647.6015625
16664802,2,2,0,"63,62",,72093.1392,21640,8621.376,63471.7632,0.0
16887703,2,2,0,"63,62",,72093.1392,21640,8621.376,63471.7632,0.0
17032302,2,2,0,"63,62",,72093.1392,21640,8621.376,63471.7632,0.0
17444902,2,2,0,"63,62",,72093.1392,21640,8621.376,63471.7632,0.0
17507402,2,2,0,"63,62",,72093.1392,21640,8621.376,63471.7632,0.0
17527202,2,2,0,"63,62",,72093.1392,21640,8621.376,63471.7632,0.0
4860502,5,2,3,"57,46","15,15,8",78813.5256,38680,15410.112,63403.41359999999,0.0
13752503,5,2,3,"57,46","15,15,8",78813.5256,38680,15410.112,63403.41359999999,0.0
1531901,4,2,2,"54,54","20,19",76498.59959999999,33000,13147.199999999999,63351.39959999999,2605.84521484375
10423902,4,2,2,"54,54","20,19",76498.59959999999,33000,13147.199999999999,63351.39959999999,0.0
8080901,5,2,3,"53,50","17,17,14",78727.3668,38680,15410.112,63317.2548,0.0
16972902,5,2,3,"53,50","17,17,14",78727.3668,38680,15410.112,63317.2548,0.0
926901,4,3,1,"58,51,21",14,76461.6744,33000,13147.199999999999,63314.47440000001,1936.5606689453125
9818902,4,3,1,"58,51,21",14,76461.6744,33000,13147.199999999999,63314.47440000001,0.0
338101,2,2,0,"64,61",,71907.5664,21640,8621.376,63286.19039999999,744.82666015625
1104501,2,2,0,"64,61",,71907.5664,21640,8621.376,63286.19039999999,196.6105194091797
1592001,2,2,0,"64,61",,71907.5664,21640,8621.376,63286.19039999999,0.0
2158301,2,2,0,"64,61",,71907.5664,21640,8621.376,63286.19039999999,0.0
2205701,2,2,0,"64,61",,71907.5664,21640,8621.376,63286.19039999999,9402.8076171875
2393401,2,2,0,"64,61",,71907.5664,21640,8621.376,63286.19039999999,14273.7490234375
2439101,2,2,0,"64,61",,71907.5664,21640,8621.376,63286.19039999999,0.0
3244601,2,2,0,"64,61",,71907.5664,21640,8621.376,63286.19039999999,0.0
3652901,2,2,0,"64,61",,71907.5664,21640,8621.376,63286.19039999999,0.0
3833001,2,2,0,"64,61",,71907.5664,21640,8621.376,63286.19039999999,0.0
4356301,2,2,0,"64,61",,71907.5664,21640,8621.376,63286.19039999999,27244.875
4647701,2,2,0,"64,61",,71907.5664,21640,8621.376,63286.19039999999,0.0
4746401,2,2,0,"64,61",,71907.5664,21640,8621.376,63286.19039999999,0.0
4800501,2,2,0,"64,61",,71907.5664,21640,8621.376,63286.19039999999,0.0
4865101,2,2,0,"64,61",,71907.5664,21640,8621.376,63286.19039999999,0.0
5100801,2,2,0,"64,61",,71907.5664,21640,8621.376,63286.19039999999,0.0
5621701,2,2,0,"64,61",,71907.5664,21640,8621.376,63286.19039999999,0.0
6030101,2,2,0,"64,61",,71907.5664,21640,8621.376,63286.19039999999,0.0
6757801,2,2,0,"64,61",,71907.5664,21640,8621.376,63286.19039999999,0.0
7688501,2,2,0,"64,61",,71907.5664,21640,8621.376,63286.19039999999,0.0
8460501,2,2,0,"64,61",,71907.5664,21640,8621.376,63286.19039999999,0.0
9230102,2,2,0,"64,61",,71907.5664,21640,8621.376,63286.19039999999,361.6981506347656
9996502,2,2,0,"64,61",,71907.5664,21640,8621.376,63286.19039999999,0.0
10484002,2,2,0,"64,61",,71907.5664,21640,8621.376,63286.19039999999,0.0
11050302,2,2,0,"64,61",,71907.5664,21640,8621.376,63286.19039999999,0.0
11097702,2,2,0,"64,61",,71907.5664,21640,8621.376,63286.19039999999,0.0
11285402,2,2,0,"64,61",,71907.5664,21640,8621.376,63286.19039999999,0.0
11331102,2,2,0,"64,61",,71907.5664,21640,8621.376,63286.19039999999,0.0
12136602,2,2,0,"64,61",,71907.5664,21640,8621.376,63286.19039999999,0.0
12544902,2,2,0,"64,61",,71907.5664,21640,8621.376,63286.19039999999,0.0
12725002,2,2,0,"64,61",,71907.5664,21640,8621.376,63286.19039999999,0.0
13248302,2,2,0,"64,61",,71907.5664,21640,8621.376,63286.19039999999,0.0
13539702,2,2,0,"64,61",,71907.5664,21640,8621.376,63286.19039999999,55.683685302734375
13638402,2,2,0,"64,61",,71907.5664,21640,8621.376,63286.19039999999,0.0
13692502,2,2,0,"64,61",,71907.5664,21640,8621.376,63286.19039999999,0.0
13757102,2,2,0,"64,61",,71907.5664,21640,8621.376,63286.19039999999,0.0
13992802,2,2,0,"64,61",,71907.5664,21640,8621.376,63286.19039999999,0.0
14513702,2,2,0,"64,61",,71907.5664,21640,8621.376,63286.19039999999,0.0
14922102,2,2,0,"64,61",,71907.5664,21640,8621.376,63286.19039999999,0.0
15649802,2,2,0,"64,61",,71907.5664,21640,8621.376,63286.19039999999,0.0
16580502,2,2,0,"64,61",,71907.5664,21640,8621.376,63286.19039999999,0.0
17352502,2,2,0,"64,61",,71907.5664,21640,8621.376,63286.19039999999,0.0
5316901,3,3,0,"57,56,35",,74160.0036,27320,10884.287999999999,63275.715599999996,392.73291015625
14208902,3,3,0,"57,56,35",,74160.0036,27320,10884.287999999999,63275.715599999996,0.0
2254001,5,3,2,"51,50,21","19,14",78677.18639999999,38680,15410.112,63267.07439999999,0.0
11146002,5,3,2,"51,50,21","19,14",78677.18639999999,38680,15410.112,63267.07439999999,0.0
1911701,3,3,0,"58,57,21",,74072.898,27320,10884.287999999999,63188.61,0.0
1930801,3,3,0,"58,57,22",,74072.898,27320,10884.287999999999,63188.61,0.0
2789601,3,3,0,"58,57,21",,74072.898,27320,10884.287999999999,63188.61,0.0
10803702,3,3,0,"58,57,21",,74072.898,27320,10884.287999999999,63188.61,0.0
10822802,3,3,0,"58,57,22",,74072.898,27320,10884.287999999999,63188.61,0.0
11681602,3,3,0,"58,57,21",,74072.898,27320,10884.287999999999,63188.61,0.0
8358001,5,3,2,"52,51,22","13,11",78553.1556,38680,15410.112,63143.0436,0.0
17250002,5,3,2,"52,51,22","13,11",78553.1556,38680,15410.112,63143.0436,0.0
8462601,3,2,1,"62,54",20,73986.7392,27320,10884.287999999999,63102.451199999996,0.0
17354602,3,2,1,"62,54",20,73986.7392,27320,10884.287999999999,63102.451199999996,0.0
6440801,5,4,1,"52,46,23,22",17,78430.0716,38680,15410.112,63019.959599999995,0.0
15332802,5,4,1,"52,46,23,22",17,78430.0716,38680,15410.112,63019.959599999995,0.0
4719401,4,2,2,"54,54","20,18",76152.07079999999,33000,13147.199999999999,63004.87079999999,0.0
13611402,4,2,2,"54,54","20,18",76152.07079999999,33000,13147.199999999999,63004.87079999999,0.0
3190901,4,3,1,"55,52,22",20,76139.7624,33000,13147.199999999999,62992.56240000001,0.0
12082902,4,3,1,"55,52,22",20,76139.7624,33000,13147.199999999999,62992.56240000001,4406.00732421875
1281301,5,2,3,"53,48","19,16,16",78394.09320000002,38680,15410.112,62983.98120000002,19329.94140625
10173302,5,2,3,"53,48","19,16,16",78394.09320000002,38680,15410.112,62983.98120000002,25.762426376342773
4906901,5,2,3,"55,47","19,15,10",78367.5828,38680,15410.112,62957.4708,0.0
13798902,5,2,3,"55,47","19,15,10",78367.5828,38680,15410.112,62957.4708,0.0
6130503,4,3,1,"61,44,23",19,76090.5288,33000,13147.199999999999,62943.3288,0.0
15022504,4,3,1,"61,44,23",19,76090.5288,33000,13147.199999999999,62943.3288,732.9631958007812
1546701,3,3,0,"58,55,32",,73775.60280000001,27320,10884.287999999999,62891.31480000001,27.06880760192871
10438702,3,3,0,"58,55,32",,73775.60280000001,27320,10884.287999999999,62891.31480000001,0.0
5041101,5,3,2,"54,45,23","17,16",78256.8072,38680,15410.112,62846.695199999995,0.0
13933102,5,3,2,"54,45,23","17,16",78256.8072,38680,15410.112,62846.695199999995,0.0
6482403,3,2,1,"58,57",20,73701.7524,27320,10884.287999999999,62817.4644,0.0
15374404,3,2,1,"58,57",20,73701.7524,27320,10884.287999999999,62817.4644,0.0
8242701,3,3,0,"61,51,40",,73677.1356,27320,10884.287999999999,62792.847599999994,0.0
17134702,3,3,0,"61,51,40",,73677.1356,27320,10884.287999999999,62792.847599999994,0.0
1150801,4,3,1,"55,54,21",14,75867.084,33000,13147.199999999999,62719.884000000005,0.0
10042802,4,3,1,"55,54,21",14,75867.084,33000,13147.199999999999,62719.884000000005,0.0
178501,2,2,0,"63,61",,71312.976,21640,8621.376,62691.59999999999,0.0
1010301,2,2,0,"63,61",,71312.976,21640,8621.376,62691.59999999999,975.4503784179688
1200901,2,2,0,"63,61",,71312.976,21640,8621.376,62691.59999999999,0.0
1238101,2,2,0,"63,61",,71312.976,21640,8621.376,62691.59999999999,821.49462890625
1314401,2,2,0,"63,61",,71312.976,21640,8621.376,62691.59999999999,2003.551025390625
1408701,2,2,0,"63,61",,71312.976,21640,8621.376,62691.59999999999,9435.5771484375
1601601,2,2,0,"63,61",,71312.976,21640,8621.376,62691.59999999999,0.0
1522901,2,2,0,"63,61",,71312.976,21640,8621.376,62691.59999999999,0.0
1887201,2,2,0,"63,61",,71312.976,21640,8621.376,62691.59999999999,0.0
1903501,2,2,0,"63,61",,71312.976,21640,8621.376,62691.59999999999,0.0
2018701,2,2,0,"63,61",,71312.976,21640,8621.376,62691.59999999999,0.0
2069101,2,2,0,"63,61",,71312.976,21640,8621.376,62691.59999999999,0.0
2333601,2,2,0,"63,61",,71312.976,21640,8621.376,62691.59999999999,0.0
2379801,2,2,0,"63,61",,71312.976,21640,8621.376,62691.59999999999,8089.6875
2575201,2,2,0,"63,61",,71312.976,21640,8621.376,62691.59999999999,0.0
3249801,2,2,0,"63,61",,71312.976,21640,8621.376,62691.59999999999,0.0
4057101,2,2,0,"63,61",,71312.976,21640,8621.376,62691.59999999999,0.0
4409501,2,2,0,"63,61",,71312.976,21640,8621.376,62691.59999999999,0.0
4483101,2,2,0,"63,61",,71312.976,21640,8621.376,62691.59999999999,0.0
4504901,2,2,0,"63,61",,71312.976,21640,8621.376,62691.59999999999,0.0
4747701,2,2,0,"63,61",,71312.976,21640,8621.376,62691.59999999999,0.0
4782401,2,2,0,"63,61",,71312.976,21640,8621.376,62691.59999999999,0.0
4917601,2,2,0,"63,61",,71312.976,21640,8621.376,62691.59999999999,0.0
4852201,2,2,0,"63,61",,71312.976,21640,8621.376,62691.59999999999,0.0
5614301,2,2,0,"63,61",,71312.976,21640,8621.376,62691.59999999999,563.37353515625
6539401,2,2,0,"63,61",,71312.976,21640,8621.376,62691.59999999999,0.0
6050801,2,2,0,"63,61",,71312.976,21640,8621.376,62691.59999999999,0.0
6519301,2,2,0,"63,61",,71312.976,21640,8621.376,62691.59999999999,0.0
7419701,2,2,0,"63,61",,71312.976,21640,8621.376,62691.59999999999,0.0
8344601,2,2,0,"63,61",,71312.976,21640,8621.376,62691.59999999999,987.0762329101562
8367401,2,2,0,"63,61",,71312.976,21640,8621.376,62691.59999999999,0.0
8448001,2,2,0,"63,61",,71312.976,21640,8621.376,62691.59999999999,0.0
9070502,2,2,0,"63,61",,71312.976,21640,8621.376,62691.59999999999,0.0
9902302,2,2,0,"63,61",,71312.976,21640,8621.376,62691.59999999999,0.0
10092902,2,2,0,"63,61",,71312.976,21640,8621.376,62691.59999999999,0.0
10130102,2,2,0,"63,61",,71312.976,21640,8621.376,62691.59999999999,0.0
10206402,2,2,0,"63,61",,71312.976,21640,8621.376,62691.59999999999,0.0
10300702,2,2,0,"63,61",,71312.976,21640,8621.376,62691.59999999999,0.0
10493602,2,2,0,"63,61",,71312.976,21640,8621.376,62691.59999999999,0.0
10414902,2,2,0,"63,61",,71312.976,21640,8621.376,62691.59999999999,0.0
10779202,2,2,0,"63,61",,71312.976,21640,8621.376,62691.59999999999,0.0
10795502,2,2,0,"63,61",,71312.976,21640,8621.376,62691.59999999999,0.0
10910702,2,2,0,"63,61",,71312.976,21640,8621.376,62691.59999999999,0.0
10961102,2,2,0,"63,61",,71312.976,21640,8621.376,62691.59999999999,0.0
11225602,2,2,0,"63,61",,71312.976,21640,8621.376,62691.59999999999,0.0
11271802,2,2,0,"63,61",,71312.976,21640,8621.376,62691.59999999999,18439.18359375
11467202,2,2,0,"63,61",,71312.976,21640,8621.376,62691.59999999999,0.0
12141802,2,2,0,"63,61",,71312.976,21640,8621.376,62691.59999999999,311.5638732910156
12949102,2,2,0,"63,61",,71312.976,21640,8621.376,62691.59999999999,0.0
13301502,2,2,0,"63,61",,71312.976,21640,8621.376,62691.59999999999,0.0
13375102,2,2,0,"63,61",,71312.976,21640,8621.376,62691.59999999999,0.0
13396902,2,2,0,"63,61",,71312.976,21640,8621.376,62691.59999999999,0.0
13639702,2,2,0,"63,61",,71312.976,21640,8621.376,62691.59999999999,0.0
13674402,2,2,0,"63,61",,71312.976,21640,8621.376,62691.59999999999,0.0
13809602,2,2,0,"63,61",,71312.976,21640,8621.376,62691.59999999999,0.0
13744202,2,2,0,"63,61",,71312.976,21640,8621.376,62691.59999999999,0.0
14506302,2,2,0,"63,61",,71312.976,21640,8621.376,62691.59999999999,0.0
15431402,2,2,0,"63,61",,71312.976,21640,8621.376,62691.59999999999,0.0
14942802,2,2,0,"63,61",,71312.976,21640,8621.376,62691.59999999999,0.0
15411302,2,2,0,"63,61",,71312.976,21640,8621.376,62691.59999999999,0.0
16311702,2,2,0,"63,61",,71312.976,21640,8621.376,62691.59999999999,0.0
17236602,2,2,0,"63,61",,71312.976,21640,8621.376,62691.59999999999,0.0
17259402,2,2,0,"63,61",,71312.976,21640,8621.376,62691.59999999999,0.0
17340002,2,2,0,"63,61",,71312.976,21640,8621.376,62691.59999999999,0.0
8411901,3,3,0,"60,55,22",,73565.4132,27320,10884.287999999999,62681.125199999995,0.0
17303902,3,3,0,"60,55,22",,73565.4132,27320,10884.287999999999,62681.125199999995,0.0
4883501,4,3,1,"55,52,23",19,75780.9252,33000,13147.199999999999,62633.7252,0.0
13775502,4,3,1,"55,52,23",19,75780.9252,33000,13147.199999999999,62633.7252,0.0
8355801,4,3,1,"54,53,25",19,75744.0,33000,13147.199999999999,62596.8,0.0
17247802,4,3,1,"54,53,25",19,75744.0,33000,13147.199999999999,62596.8,0.0
1980001,3,3,0,"62,53,26",,73480.2012,27320,10884.287999999999,62595.913199999995,0.0
10872002,3,3,0,"62,53,26",,73480.2012,27320,10884.287999999999,62595.913199999995,0.0
1555201,3,3,0,"59,56,23",,73466.946,27320,10884.287999999999,62582.657999999996,0.0
3854101,3,3,0,"59,56,23",,73466.946,27320,10884.287999999999,62582.657999999996,16199.654296875
10447202,3,3,0,"59,56,23",,73466.946,27320,10884.287999999999,62582.657999999996,0.0
12746102,3,3,0,"59,56,23",,73466.946,27320,10884.287999999999,62582.657999999996,0.0
5024702,4,2,2,"54,53","20,20",75682.458,33000,13147.199999999999,62535.258,0.0
13916703,4,2,2,"54,53","20,20",75682.458,33000,13147.199999999999,62535.258,196.411865234375
1059201,3,2,1,"58,58",15,73379.8404,27320,10884.287999999999,62495.5524,0.0
9951202,3,2,1,"58,58",15,73379.8404,27320,10884.287999999999,62495.5524,0.0
648001,2,2,0,"62,62",,71116.0416,21640,8621.376,62494.66559999999,0.0
835701,2,2,0,"62,62",,71116.0416,21640,8621.376,62494.66559999999,0.0
940201,2,2,0,"62,62",,71116.0416,21640,8621.376,62494.66559999999,48798.1796875
1578401,2,2,0,"62,62",,71116.0416,21640,8621.376,62494.66559999999,10232.986328125
1616301,2,2,0,"62,62",,71116.0416,21640,8621.376,62494.66559999999,0.0
1539601,2,2,0,"62,62",,71116.0416,21640,8621.376,62494.66559999999,0.0
1922501,2,2,0,"62,62",,71116.0416,21640,8621.376,62494.66559999999,0.0
2140501,2,2,0,"62,62",,71116.0416,21640,8621.376,62494.66559999999,0.0
2249001,2,2,0,"62,62",,71116.0416,21640,8621.376,62494.66559999999,0.0
2287501,2,2,0,"62,62",,71116.0416,21640,8621.376,62494.66559999999,1051.0137939453125
3256501,2,2,0,"62,62",,71116.0416,21640,8621.376,62494.66559999999,0.0
3511701,2,2,0,"62,62",,71116.0416,21640,8621.376,62494.66559999999,31327.185546875
3621101,2,2,0,"62,62",,71116.0416,21640,8621.376,62494.66559999999,0.0
4198601,2,2,0,"62,62",,71116.0416,21640,8621.376,62494.66559999999,0.0
4280601,2,2,0,"62,62",,71116.0416,21640,8621.376,62494.66559999999,0.0
4372901,2,2,0,"62,62",,71116.0416,21640,8621.376,62494.66559999999,0.0
5294701,2,2,0,"62,62",,71116.0416,21640,8621.376,62494.66559999999,0.0
5651701,2,2,0,"62,62",,71116.0416,21640,8621.376,62494.66559999999,0.0
6221701,2,2,0,"62,62",,71116.0416,21640,8621.376,62494.66559999999,590.5016479492188
6191601,2,2,0,"62,62",,71116.0416,21640,8621.376,62494.66559999999,0.0
8075101,2,2,0,"62,62",,71116.0416,21640,8621.376,62494.66559999999,0.0
9540002,2,2,0,"62,62",,71116.0416,21640,8621.376,62494.66559999999,0.0
9727702,2,2,0,"62,62",,71116.0416,21640,8621.376,62494.66559999999,0.0
9832202,2,2,0,"62,62",,71116.0416,21640,8621.376,62494.66559999999,0.0
10470402,2,2,0,"62,62",,71116.0416,21640,8621.376,62494.66559999999,0.0
10508302,2,2,0,"62,62",,71116.0416,21640,8621.376,62494.66559999999,0.0
10431602,2,2,0,"62,62",,71116.0416,21640,8621.376,62494.66559999999,0.0
10814502,2,2,0,"62,62",,71116.0416,21640,8621.376,62494.66559999999,18999.900390625
11032502,2,2,0,"62,62",,71116.0416,21640,8621.376,62494.66559999999,0.0
11141002,2,2,0,"62,62",,71116.0416,21640,8621.376,62494.66559999999,0.0
11179502,2,2,0,"62,62",,71116.0416,21640,8621.376,62494.66559999999,0.0
12148502,2,2,0,"62,62",,71116.0416,21640,8621.376,62494.66559999999,0.0
12403702,2,2,0,"62,62",,71116.0416,21640,8621.376,62494.66559999999,0.0
12513102,2,2,0,"62,62",,71116.0416,21640,8621.376,62494.66559999999,4729.6435546875
13090602,2,2,0,"62,62",,71116.0416,21640,8621.376,62494.66559999999,0.0
13172602,2,2,0,"62,62",,71116.0416,21640,8621.376,62494.66559999999,0.0
13264902,2,2,0,"62,62",,71116.0416,21640,8621.376,62494.66559999999,0.0
14186702,2,2,0,"62,62",,71116.0416,21640,8621.376,62494.66559999999,0.0
14543702,2,2,0,"62,62",,71116.0416,21640,8621.376,62494.66559999999,0.0
15113702,2,2,0,"62,62",,71116.0416,21640,8621.376,62494.66559999999,0.0
15083602,2,2,0,"62,62",,71116.0416,21640,8621.376,62494.66559999999,0.0
16967102,2,2,0,"62,62",,71116.0416,21640,8621.376,62494.66559999999,0.0
2081701,4,2,2,"55,54","17,16",75607.6608,33000,13147.199999999999,62460.4608,6171.37744140625
10973702,4,2,2,"55,54","17,16",75607.6608,33000,13147.199999999999,62460.4608,0.0
6379701,3,2,1,"58,57",19,73342.9152,27320,10884.287999999999,62458.6272,0.0
15271702,3,2,1,"58,57",19,73342.9152,27320,10884.287999999999,62458.6272,0.0
8159201,5,3,2,"53,46,21","18,15",77799.5028,38680,15410.112,62389.3908,0.0
17051202,5,3,2,"53,46,21","18,15",77799.5028,38680,15410.112,62389.3908,0.0
8088801,4,3,1,"58,50,21",14,75483.63,33000,13147.199999999999,62336.43000000001,0.0
16980802,4,3,1,"58,50,21",14,75483.63,33000,13147.199999999999,62336.43000000001,0.0
518601,3,2,1,"60,57",13,73218.8844,27320,10884.287999999999,62334.596399999995,0.0
9410602,3,2,1,"60,57",13,73218.8844,27320,10884.287999999999,62334.596399999995,0.0
5813501,6,2,4,"54,45","20,20,19",79952.526,44360,17673.023999999998,62279.502,0.0
14705502,6,2,4,"54,45","20,20,19",79952.526,44360,17673.023999999998,62279.502,173.80221557617188
4155301,3,2,1,"61,56",14,73120.4172,27320,10884.287999999999,62236.129199999996,0.0
13047302,3,2,1,"61,56",14,73120.4172,27320,10884.287999999999,62236.129199999996,0.0
890301,3,2,1,"59,57",16,73008.6948,27320,10884.287999999999,62124.4068,1599.000244140625
9782302,3,2,1,"59,57",16,73008.6948,27320,10884.287999999999,62124.4068,0.0
7011501,6,3,3,"48,44,21","17,9,4",79791.57,44360,17673.023999999998,62118.54600000001,0.0
15903502,6,3,3,"48,44,21","17,9,4",79791.57,44360,17673.023999999998,62118.54600000001,13176.2939453125
3191601,4,2,2,"59,50","16,15",75261.132,33000,13147.199999999999,62113.932,0.0
12083602,4,2,2,"59,50","16,15",75261.132,33000,13147.199999999999,62113.932,41.88966751098633
2214401,5,2,3,"56,48","11,10,7",77514.51600000002,38680,15410.112,62104.40400000002,0.0
11106402,5,2,3,"56,48","11,10,7",77514.51600000002,38680,15410.112,62104.40400000002,0.0
2028401,2,2,0,"64,60",,70719.3324,21640,8621.376,62097.956399999995,0.0
2291301,2,2,0,"64,60",,70719.3324,21640,8621.376,62097.956399999995,0.0
3242701,2,2,0,"64,60",,70719.3324,21640,8621.376,62097.956399999995,0.0
3619701,2,2,0,"64,60",,70719.3324,21640,8621.376,62097.956399999995,0.0
3870501,2,2,0,"64,60",,70719.3324,21640,8621.376,62097.956399999995,0.0
4858801,2,2,0,"64,60",,70719.3324,21640,8621.376,62097.956399999995,0.0
6441501,2,2,0,"64,60",,70719.3324,21640,8621.376,62097.956399999995,0.0
8563401,2,2,0,"64,60",,70719.3324,21640,8621.376,62097.956399999995,0.0
8869501,2,2,0,"64,60",,70719.3324,21640,8621.376,62097.956399999995,0.0
10920402,2,2,0,"64,60",,70719.3324,21640,8621.376,62097.956399999995,0.0
11183302,2,2,0,"64,60",,70719.3324,21640,8621.376,62097.956399999995,0.0
12134702,2,2,0,"64,60",,70719.3324,21640,8621.376,62097.956399999995,0.0
12511702,2,2,0,"64,60",,70719.3324,21640,8621.376,62097.956399999995,0.0
12762502,2,2,0,"64,60",,70719.3324,21640,8621.376,62097.956399999995,0.0
13750802,2,2,0,"64,60",,70719.3324,21640,8621.376,62097.956399999995,0.0
15333502,2,2,0,"64,60",,70719.3324,21640,8621.376,62097.956399999995,41.876708984375
17455402,2,2,0,"64,60",,70719.3324,21640,8621.376,62097.956399999995,0.0
17761502,2,2,0,"64,60",,70719.3324,21640,8621.376,62097.956399999995,0.0
8645301,5,2,3,"55,48","16,14,10",77402.7936,38680,15410.112,61992.6816,0.0
17537302,5,2,3,"55,48","16,14,10",77402.7936,38680,15410.112,61992.6816,0.0
4263401,3,2,1,"60,55",19,72835.4304,27320,10884.287999999999,61951.1424,0.0
13155402,3,2,1,"60,55",19,72835.4304,27320,10884.287999999999,61951.1424,0.0
4261001,4,2,2,"55,52","20,18",75063.2508,33000,13147.199999999999,61916.0508,0.0
13153002,4,2,2,"55,52","20,18",75063.2508,33000,13147.199999999999,61916.0508,0.0
4392201,3,3,0,"58,56,23",,72786.19679999999,27320,10884.287999999999,61901.90879999999,21114.03125
8569201,3,3,0,"58,56,23",,72786.19679999999,27320,10884.287999999999,61901.90879999999,63.359619140625
13284202,3,3,0,"58,56,23",,72786.19679999999,27320,10884.287999999999,61901.90879999999,0.0
17461202,3,3,0,"58,56,23",,72786.19679999999,27320,10884.287999999999,61901.90879999999,0.0
3221501,5,3,2,"51,48,21","18,15",77304.32639999999,38680,15410.112,61894.21439999999,0.0
12113502,5,3,2,"51,48,21","18,15",77304.32639999999,38680,15410.112,61894.21439999999,0.0
8383103,3,2,1,"59,56",19,72736.9632,27320,10884.287999999999,61852.6752,1133.9593505859375
17275104,3,2,1,"59,56",19,72736.9632,27320,10884.287999999999,61852.6752,0.0
4184601,5,2,3,"51,48","20,18,16",77255.09280000001,38680,15410.112,61844.98080000001,0.0
13076602,5,2,3,"51,48","20,18,16",77255.09280000001,38680,15410.112,61844.98080000001,0.0
1858501,5,2,3,"53,50","17,14,14",77241.83760000001,38680,15410.112,61831.72560000001,0.0
10750502,5,2,3,"53,50","17,14,14",77241.83760000001,38680,15410.112,61831.72560000001,0.0
1709101,3,2,1,"63,52",20,72699.0912,27320,10884.287999999999,61814.803199999995,0.0
8039002,3,3,0,"57,57,21",,72699.0912,27320,10884.287999999999,61814.803199999995,0.0
10601102,3,2,1,"63,52",20,72699.0912,27320,10884.287999999999,61814.803199999995,0.0
16931003,3,3,0,"57,57,21",,72699.0912,27320,10884.287999999999,61814.803199999995,0.0
2559901,3,2,1,"58,57",17,72649.8576,27320,10884.287999999999,61765.5696,268.4980163574219
11451902,3,2,1,"58,57",17,72649.8576,27320,10884.287999999999,61765.5696,0.0
7765201,4,2,2,"56,53","18,9",74890.9332,33000,13147.199999999999,61743.7332,86.10494995117188
16657202,4,2,2,"56,53","18,9",74890.9332,33000,13147.199999999999,61743.7332,4862.88671875
768901,3,2,1,"62,55",11,72625.2408,27320,10884.287999999999,61740.9528,3661.406494140625
1905401,3,2,1,"62,55",2,72625.2408,27320,10884.287999999999,61740.9528,0.0
9660902,3,2,1,"62,55",11,72625.2408,27320,10884.287999999999,61740.9528,0.0
10797402,3,2,1,"62,55",2,72625.2408,27320,10884.287999999999,61740.9528,0.0
167601,2,2,0,"62,61",,70335.8784,21640,8621.376,61714.5024,0.0
329801,2,2,0,"62,61",,70335.8784,21640,8621.376,61714.5024,0.0
617401,2,2,0,"62,61",,70335.8784,21640,8621.376,61714.5024,0.0
1225601,2,2,0,"62,61",,70335.8784,21640,8621.376,61714.5024,516.5636596679688
1570901,2,2,0,"62,61",,70335.8784,21640,8621.376,61714.5024,0.0
1741001,2,2,0,"62,61",,70335.8784,21640,8621.376,61714.5024,0.0
1802701,2,2,0,"62,61",,70335.8784,21640,8621.376,61714.5024,0.0
1804301,2,2,0,"62,61",,70335.8784,21640,8621.376,61714.5024,3042.15625
2195201,2,2,0,"62,61",,70335.8784,21640,8621.376,61714.5024,0.0
2199901,2,2,0,"62,61",,70335.8784,21640,8621.376,61714.5024,0.0
2276101,2,2,0,"62,61",,70335.8784,21640,8621.376,61714.5024,0.0
2385701,2,2,0,"62,61",,70335.8784,21640,8621.376,61714.5024,3407.511474609375
2449801,2,2,0,"62,61",,70335.8784,21640,8621.376,61714.5024,0.0
2494701,2,2,0,"62,61",,70335.8784,21640,8621.376,61714.5024,0.0
3648301,2,2,0,"62,61",,70335.8784,21640,8621.376,61714.5024,0.0
4065701,2,2,0,"62,61",,70335.8784,21640,8621.376,61714.5024,2694.02294921875
4162601,2,2,0,"62,61",,70335.8784,21640,8621.376,61714.5024,0.0
4757701,2,2,0,"62,61",,70335.8784,21640,8621.376,61714.5024,0.0
4558201,2,2,0,"62,61",,70335.8784,21640,8621.376,61714.5024,0.0
4739501,2,2,0,"62,61",,70335.8784,21640,8621.376,61714.5024,0.0
4795301,2,2,0,"62,61",,70335.8784,21640,8621.376,61714.5024,0.0
4827201,2,2,0,"62,61",,70335.8784,21640,8621.376,61714.5024,0.0
